Escola,Morada,Freguesia,Código Postal,Telefone,Email,Número Agrupamento,Agrupamento,Sede Escola,Número Escolas Agrupadas
"Escola Básica Fernando Caldeira, Águeda",Rua Heróis do Ultramar,3750-150,Águeda,234600780,servicos@aeagueda.edu.gov.pt,160908,Agrupamento de Escolas de Águeda,Sim,7
"Escola Básica de Aguada de Cima, Águeda",R. do Engenho,Aguada De Cima,3750-049,234666800,eb23.aguadacima@escolas.min-edu.pt,161962,Agrupamento de Escolas Águeda Sul,Não,7
Instituto Duarte Lemos,Rua Duarte Lemos,Trofa Agd,3750-791,234646842,it.duartelemos@escolas.min-edu.pt,n.a.,n.a.,n.a.,n.a.
"Escola Básica de Valongo do Vouga, Águeda",Av.ª da Escola,Trofa Agd,3750-791,234644752,eb1.sstrofavouga@escolas.min-edu.pt,160106,"Agrupamento de Escolas de Valongo do Vouga, Águeda",Não,3
"Escola Básica de São João de Loure, Albergaria-a-Velha",Estrada Nacional 320-2,São João De Loure,3850-772,234920190,ebi.sjoaoloure@escolas.min-edu.pt,160003,Agrupamento de Escolas de Albergaria-a-Velha,Não,12
"Escola Básica de Branca, Albergaria-a-Velha",Rua da Escola,Ribeira De Fráguas,3850-703,234543199,eb1.cribeirafraguas@escolas.min-edu.pt,160027,"Agrupamento de Escolas de Branca, Albergaria-a-Velha",Não,10
Colégio de Albergaria,Rua do Colégio,3850-230,Albergaria-a-Velha,234523172,cl.albergaria@escolas.min-edu.pt,n.a.,n.a.,n.a.,n.a.
Escola Básica de Albergaria-a-Velha,Quinta de Alque - Fontes,Alquerubim,3850-365,-,-,160003,Agrupamento de Escolas de Albergaria-a-Velha,Não,12
"Escola Básica de Vilarinho do Bairro, Anadia",R. S. Miguel,Vilarinho Do Bairro,3780-599,231959532,eb23.vilarinhobairro@escolas.min-edu.pt,160910,Agrupamento de Escolas de Anadia,Não,21
Escola Básica e Secundária de Anadia,Rua Almas das Domingas,nº 4,Tamengos,231081933,servicos@aeanadia.edu.gov.pt,160910,Agrupamento de Escolas de Anadia,Sim,21
Colégio de Nossa Senhora da Assunção,R. S José de Cluny,3780-292,Anadia,231510500,cl.nsraassuncao@escolas.min-edu.pt,n.a.,n.a.,n.a.,n.a.
"Escola Básica e Secundária de Escariz, Arouca",Escariz - Arouca,Escariz,4540-320,-,-,151622,-,-,-
Escola Básica de Arouca,Escariz - Arouca,Escariz,4540-320,256920300,servicos@aeescariz.edu.gov.pt,151622,"Agrupamento de Escolas de Escariz, Arouca",Sim,5
"Escola Básica João Afonso, Aveiro",Rua das Pombas,3810-150,Aveiro,234379920,eb23.joaoafonso@escolas.min-edu.pt,160933,Agrupamento de Escolas de Aveiro,Não,7
"Escola Básica de Aradas, Aveiro",R. das Leirinhas,3810-425,Aveiro,234427096,eb1.leirinhasaradas@escolas.min-edu.pt,160015,"Agrupamento de Escolas Doutor Mário Sacramento, Aveiro",Não,7
"Escola Básica de Eixo, Aveiro",Rua do Sobral,3800-879,Requeixo,234932449,eb1.requeixo@escolas.min-edu.pt,160131,"Agrupamento de Escolas de Eixo, Aveiro",Não,4
"Escola Básica n.º 2 de São Bernardo, Aveiro",R. da Cabreira,3810-071,Aveiro,234342384,eb1.sbernardo@escolas.min-edu.pt,160957,"Agrupamento de Escolas José Estêvão, Aveiro",Não,6
"Escola Básica e Secundária Dr. Jaime Magalhães Lima, Esgueira, Aveiro",Rua Padre José Maria Taborda,3804-506,Aveiro,234302480,servicos@aee.edu.gov.pt,160945,"Agrupamento de Escolas de Esgueira, Aveiro",Sim,5
"Escola Básica Castro Matoso, Oliveirinha, Aveiro",Rua Profª Justa Dias,3810-867,Oliveirinha,234940180,servicos@aeo.edu.gov.pt,160120,"Agrupamento de Escolas de Oliveirinha, Aveiro",Sim,8
Colégio D. José I,R. Frei Tomé de Jesus,nº 11,3000-195,239852330,cl.sjosecoimbra@escolas.min-edu.pt,n.a.,n.a.,n.a.,n.a.
"Escola Básica Rio Novo do Príncipe, Cacia, Aveiro",Rua Condessa de Taboeira,3800-051,Aveiro,234912675,eb1.tabueira@escolas.min-edu.pt,160039,"Agrupamento de Escolas Rio Novo do Príncipe, Cacia, Aveiro",Não,5
Colégio Português (ENSIGEST)- Empreendimentos Educativos Lda,Rua Nossa Srª das Necessidades,s/n Quinta do Simão,3800-317,234310324,cl.ensigest@escolas.min-edu.pt,n.a.,n.a.,n.a.,n.a.
Escola Básica e Secundária de Castelo de Paiva,Rua Strecht Vasconcelos,147 Sobrado,4550-150,-,-,151312,-,-,-
"Escola Básica de Couto Mineiro do Pejão, Raiva, Castelo de Paiva",Rua da Vista Alegre,Raiva,4550-631,255762578,eb1.raiva@escolas.min-edu.pt,151646,"Agrupamento de Escolas de Couto Mineiro do Pejão, Castelo de Paiva",Não,7
"Escola Básica e Secundária Dr. Manuel Laranjeira, Espinho",Praceta Dr. Manuel Laranjeira,4500-023,Espinho,227330830,servicos@aemlaranjeira.edu.gov.pt,151361,"Agrupamento de Escolas Doutor Manuel Laranjeira, Espinho",Sim,4
Academia de Música de Espinho,Rua 34,nº 884,4500-318,227340469,acm.espinho@escolas.min-edu.pt,n.a.,n.a.,n.a.,n.a.
"Escola Básica e Secundária Dr. Manuel Gomes Almeida, Espinho",Rua 35,4504-852,Espinho,227340580,servicos@aemalmeida.edu.gov.pt,151336,"Agrupamento de Escolas Doutor Manuel Gomes de Almeida, Espinho",Sim,5
"Escola Básica Sá Couto, Espinho",Rua 34,4504-854,Espinho,227330150,eb23.sacouto@escolas.min-edu.pt,151361,"Agrupamento de Escolas Doutor Manuel Laranjeira, Espinho",Não,4
"Escola Básica e Secundária Domingos Capela, Silvalde, Espinho",R. D. Dinis,4500-643,Espinho,227342945,eb23.domingoscapela@escolas.min-edu.pt,151336,"Agrupamento de Escolas Doutor Manuel Gomes de Almeida, Espinho",Não,5
"Escola Básica Padre Donaciano Abreu Freire, Estarreja",Rua da Arrotinha,nº14 - Apartado 25,3860-207,234840640,eb23.pdabreufreire@escolas.min-edu.pt,160155,Agrupamento de Escolas de Estarreja,Não,6
"Escola Básica Professor Doutor Egas Moniz, Avanca, Estarreja",Rua do Morgado,120,Avanca,234850120,eb23.pfdregasmoniz@escolas.min-edu.pt,160155,Agrupamento de Escolas de Estarreja,Não,6
"Escola Básica de Pardilhó, Estarreja",R. Padre Garrido,Pardilhó,3860-464,234850150,servicos@aepardilho.edu.gov.pt,160519,"Agrupamento de Escolas de Pardilhó, Estarreja",Sim,1
"Escola Básica de Corga do Lobão, Santa Maria da Feira",Avª. Igreja,nº303 - Vale,Vale Vfr,256921508,eb1.n1.vale@escolas.min-edu.pt,151178,"Agrupamento de Escolas de Corga do Lobão, Santa Maria da Feira",Não,7
"Escola Básica António Alves de Amorim, Lourosa, Santa Maria da Feira",Av. das Cruzes,Lourosa,4535-011,227646272,eb1.igrejalourosa@escolas.min-edu.pt,150356,"Agrupamento de Escolas António Alves de Amorim, Santa Maria da Feira",Não,8
"Escola Básica de Canedo, Santa Maria da Feira",Rua do Padrão S/N,Lourosa,4535-000,-,-,151294,-,-,-
"Escola Básica Professor Doutor Ferreira de Almeida, Santa Maria da Feira",R.Prémio Nobel da Paz 1996-D. Ximenes Belo,Dr. Ramos Horta,4520-240,256374020,eb23.pdcafalmeida@escolas.min-edu.pt,151660,Agrupamento de Escolas de Santa Maria da Feira,Não,8
Colégio das Terras de Santa Maria,Rua da Azenha,315,Argoncilhe,227648187,cl.terrasstamaria@escolas.min-edu.pt,n.a.,n.a.,n.a.,n.a.
"Escola Básica e Secundária de Arrifana, Santa Maria da Feira",Rua Amadeu Joaquim Gonçalves,Arrifana Vfr,3700-420,256812227,servicos@aearrifana.edu.gov.pt,150551,"Agrupamento de Escolas de Arrifana, Santa Maria da Feira",Sim,13
"Escola Básica e Secundária Coelho e Castro, Fiães, Santa Maria da Feira",R. Coelho e Castro,25 Apartado 75,Fiães Vfr,227448501,servicos@aecoelhocastro.edu.gov.pt,151350,"Agrupamento de Escolas Coelho e Castro, Santa Maria da Feira",Sim,8
"Escola Básica Fernando Pessoa, Santa Maria da Feira",Rua 13 de Agosto,Souto Vfr,4520-715,256801610,eb1.valrico@escolas.min-edu.pt,151671,"Agrupamento de Escolas Fernando Pessoa, Santa Maria da Feira",Não,15
"Escola Básica de Argoncilhe, Santa Maria da Feira",Rua das Escolas do Carvalhal,Argoncilhe,4505-122,227640650,eb1.ceb1argoncilhe@escolas.min-edu.pt,151282,"Agrupamento de Escolas de Argoncilhe, Santa Maria da Feira",Não,11
"Escola Básica de Milheirós de Poiares, Santa Maria da Feira",Rua Casa da Mámoa,nº 182,Milheirós De Poiares,256840300,eb23.mpoiares@escolas.min-edu.pt,150551,"Agrupamento de Escolas de Arrifana, Santa Maria da Feira",Não,13
Colégio de Lamas,Rua Salgueirinha,Lourosa,4535-000,227470210,cl.licealstamlamas@escolas.min-edu.pt,n.a.,n.a.,n.a.,n.a.
"Escola Básica de Paços de Brandão, Santa Maria da Feira",Av. Dr. Domingos Coelho,17,São Paio De Oleiros,227443499,eb1.n1.ispaiooleiros@escolas.min-edu.pt,150563,"Agrupamento de Escolas de Paços de Brandão, Santa Maria da Feira",Não,11
Colégio Santa Eulália,Travessa da Rua do Castiis,110,Sanguedo,227471880,-,n.a.,n.a.,n.a.,n.a.
"Escola Básica de Gafanha da Encarnação, Ílhavo",R. da Igreja,Gafanha Do Carmo,3830-408,234391153,eb1.gafanhacarmo@escolas.min-edu.pt,160970,"Agrupamento de Escolas de Gafanha da Encarnação, Ílhavo",Não,8
"Escola Básica de Gafanha da Nazaré, Ílhavo",R. Luís de Camões,Gafanha Da Nazaré,3830-694,234361146,eb1.calevila@escolas.min-edu.pt,160982,"Agrupamento de Escolas de Gafanha da Nazaré, Ílhavo",Não,8
"Escola Básica José Ferreira Pinto Basto, Ílhavo",Rua Gabriel Ançã,3830-197,Ílhavo,234329810,eb23.ilhavo@escolas.min-edu.pt,160994,Agrupamento de Escolas de Ílhavo,Não,9
"Escola Básica n.º 2 de Pampilhosa, Mealhada",Rua do Rio de Cima,Pampilhosa,3050-415,231940928,-,161007,Agrupamento de Escolas de Mealhada,Não,15
Escola Básica n.º 2 de Mealhada,Rua do Areeiro nº114,Barcouço,3050-094,239914806,eb1.barcouco@escolas.min-edu.pt,161007,Agrupamento de Escolas de Mealhada,Não,15
"Escola Básica de Torreira, Murtosa",Av. da Circunvalação,Torreira,3870-336,234830010,ebiji.torreira@escolas.min-edu.pt,161020,Agrupamento de Escolas de Murtosa,Não,4
"Escola Básica e Secundária Padre António Morais da Fonseca, Murtosa",Rua da Saldida-Monte - Apartado 11,3870-153,Murtosa,234830020,servicos@aemurtosa.edu.gov.pt,161020,Agrupamento de Escolas de Murtosa,Sim,4
"Escola Básica Dr. José Pereira Tavares, Pinheiro da Bemposta, Oliveira de Azeméis",Rua Padre Bernardo Xavier Coutinho,Pinheiro Da Bemposta,3720-464,256990170,eb23.djptavares@escolas.min-edu.pt,151609,"Agrupamento de Escolas de Loureiro, Oliveira de Azeméis",Não,9
"Escola Básica de Loureiro, Alumieira, Oliveira de Azeméis",Rua do Borão,Loureiro Oaz,3720-051,256691388,eb1.aloureiro@escolas.min-edu.pt,151609,"Agrupamento de Escolas de Loureiro, Oliveira de Azeméis",Não,9
"Escola Básica e Secundária Ferreira de Castro, Oliveira de Azeméis",Rua Dr. Silva Lima - Lações de Cima,3720-298,Oliveira de Azeméis,256666070,servicos@aeoliveira-azemeis.edu.gov.pt,153047,"Agrupamento de Escolas Ferreira de Castro, Oliveira de Azeméis",Sim,7
"Escola Básica Comendador Ângelo Azevedo, Oliveira de Azeméis",Rua das Sardinheiras nº 10 - Apartado 60,Vila De Cucujães,3720-904,-,-,151324,-,-,-
"Escola Básica e Secundária Soares Basto, Oliveira de Azeméis",Rua General Humberto Delgado,3720-254,Oliveira de Azeméis,256600590,servicos@soaresbasto.edu.gov.pt,151658,"Agrupamento de Escolas Soares Basto, Oliveira de Azeméis",Sim,6
"Escola Básica e Secundária de Fajões, Oliveira de Azeméis",Rua Profº Veiga Simão,Fajões,3700-355,256850450,servicos@aefajoes.edu.gov.pt,151348,"Agrupamento de Escolas de Fajões, Oliveira de Azeméis",Sim,10
"Escola Básica de Carregosa, Oliveira de Azeméis",Avenida da República,nº 217 - Apartado 23 - PC Carregosa,Carregosa,256410450,eb23.carregosa@escolas.min-edu.pt,151348,"Agrupamento de Escolas de Fajões, Oliveira de Azeméis",Não,10
"Escola Básica e Secundária Dr. Ferreira da Silva, Cucujães, Oliveira de Azeméis",Rua Dr. Ferreira da Silva,Vila De Cucujães,3720-767,256890327,servicos@aefsilva.edu.gov.pt,151324,"Agrupamento de Escolas Doutor Ferreira da Silva, Oliveira de Azeméis",Sim,8
"Escola Básica Dr. Acácio de Azevedo, Oliveira do Bairro",R. Acácio de Azevedo,nº 28,3770-213,234747747,servicos@aeobairro.edu.gov.pt,160568,Agrupamento de Escolas de Oliveira do Bairro,Sim,12
"Escola Básica Dr. Fernando Peixinho, Oiã, Oliveira do Bairro",Rua da Escola C+S,Oiã,3770-059,234729580,eb23.dfpeixinho@escolas.min-edu.pt,160568,Agrupamento de Escolas de Oliveira do Bairro,Não,12
"Escola Básica de Maceda, Ovar",Rua da Escola Primária,Maceda,3885-717,256791114,eb1.estradamaceda@escolas.min-edu.pt,161949,Agrupamento de Escolas de Esmoriz/Ovar Norte,Não,13
"Escola Básica Monsenhor Miguel de Oliveira, Válega, Ovar",R. Padre Eloi Pinho,Válega,3880-514,256503247,eb23.migueloliveira@escolas.min-edu.pt,161950,Agrupamento de Escolas de Ovar Sul,Não,5
"Escola Básica Florbela Espanca, Esmoriz, Ovar",Rua Florbela Espanca,360,Esmoriz,256750410,eb23.florbelaespanca@escolas.min-edu.pt,161949,Agrupamento de Escolas de Esmoriz/Ovar Norte,Não,13
"Escola Básica António Dias Simões, Ovar",Rua José Afonso,3880-001,Ovar,256579150,eb23.adiassimoes@escolas.min-edu.pt,161056,Agrupamento de Escolas de Ovar,Não,13
"Escola Básica de São Vicente de Pereira Jusã, Ovar",Rua Manuel Gomes Oliveira Reis,904,S Vicente De Pereira Jusã,256899400,ebi.svpereirajusa@escolas.min-edu.pt,161950,Agrupamento de Escolas de Ovar Sul,Não,5
"Escola Básica e Secundária Oliveira Júnior, São João da Madeira",Avenida Adelino Amaro da Costa,3700-023,São João da Madeira,256201050,servicos@aeoj.edu.gov.pt,152900,"Agrupamento de Escolas Oliveira Júnior, São João da Madeira",Sim,5
Escola Básica e Secundária de São João da Madeira,Avenida Adelino Amaro da Costa,3700-023,São João da Madeira,256201050,servicos@aeoj.edu.gov.pt,152900,"Agrupamento de Escolas Oliveira Júnior, São João da Madeira",Sim,5
"Escola Básica e Secundária Dr. Serafim Leite, São João da Madeira",R. Manuel Luís da Costa,3700-179,São João da Madeira,256837550,servicos@aesl.edu.gov.pt,153060,"Agrupamento de Escolas Doutor Serafim Leite, São João da Madeira",Sim,3
Centro de Educação Integral,R. Adolfo Coutinho,3700-024,São João da Madeira,-,-,n.a.,-,-,-
Escola Básica e Secundária de Sever do Vouga,Av. Comendador Augusto Martins Pereira,3740-256,Sever do Vouga,234550130,servicos@aesv.edu.gov.pt,161068,Agrupamento de Escolas de Sever do Vouga,Sim,10
"Escola Básica Dr. João Rocha - Pai, Vagos",Rua de São João,3840-429,Vagos,234799730,eb23.drjoaorochapai@escolas.min-edu.pt,161070,Agrupamento de Escolas de Vagos,Não,17
Colégio Diocesano de Nossa Senhora da Apresentação,Rua Padre Baptista,100,Calvão Vgs,234781113,cl.dnsraapresentacao@escolas.min-edu.pt,n.a.,n.a.,n.a.,n.a.
"Escola Básica das Dairas, Vale de Cambra",Dairas - S. Pedro de Castelões - Apartado 147,3730-201,Vale de Cambra,256426670,eb23.dairas@escolas.min-edu.pt,151701,"Agrupamento de Escolas de Búzio, Vale de Cambra",Não,15
"Escola Básica e Secundária de Búzio, Vale de Cambra",BUZIO,3730-000,Vale de Cambra,256420700,servicos@aebuzio.edu.gov.pt,151701,"Agrupamento de Escolas de Búzio, Vale de Cambra",Sim,15
"Escola Básica Dr. Manuel Brito Camacho, Aljustrel",Rua de Beja - Apartado 19,7600-032,Aljustrel,284600100,servicos@aealjustrel.edu.gov.pt,135367,Agrupamento de Escolas de Aljustrel,Sim,7
"Escola Básica e Secundária Dr. João Brito Camacho, Almodôvar",R. da Ponte Romana - Apartado 1,7700-018,Almodôvar,286660120,servicos@almodovar.edu.gov.pt,130229,Agrupamento de Escolas de Almodôvar,Sim,7
Escola Básica n.º 1 de Alvito,Casal do Alvito - Gaeiras,Gaeiras,2510-700,-,-,171335,"Agrupamento de Escolas Josefa de Óbidos, Óbidos",Não,14
Escola Básica de Barrancos,Rua de Angola,7230-003,Barrancos,285950650,servicos@agebarrancos.edu.gov.pt,135010,Agrupamento de Escolas de Barrancos,Sim,2
Externato António Sérgio,Pç. Dr. Carlos Moreira,nº 4,7800-811,284998206,ext.antoniosergio@escolas.min-edu.pt,n.a.,n.a.,n.a.,n.a.
"Escola Básica de Santiago Maior, Beja",Avenida Comand. Ramiro Correia,7800-261,Beja,284389230,eb23.santiagomaior@escolas.min-edu.pt,135021,Agrupamento de Escolas n.º 1 de Beja,Não,11
"Escola Básica de Santa Maria, Beja",Rua Fernando Pessoa,s/nº,7800-181,284313000,eb23.stamaria@escolas.min-edu.pt,135021,Agrupamento de Escolas n.º 1 de Beja,Não,11
"Escola Básica Mário Beirão, Beja",R. de Maria Isabel Covas Lima,7800-474,Beja,-,-,135379,-,-,-
"Escola Básica Dr. António Colaço, Castro Verde",R. Luís Vaz de Camões,2,7780-197,286320170,eb23.castroverde@escolas.min-edu.pt,135033,Agrupamento de Escolas de Castro Verde,Não,7
"Escola Básica Fialho de Almeida, Cuba",Largo da Feira,7940-000,Cuba,284419920,servicos@aecuba.edu.gov.pt,135045,Agrupamento de Escolas de Cuba,Sim,6
"Escola Básica e Secundária José Gomes Ferreira, Ferreira do Alentejo",R. Infante D. Henrique,7900-647,Ferreira do Alentejo,284738050,servicos@aefa.edu.gov.pt,130242,Agrupamento de Escolas de Ferreira do Alentejo,Sim,8
"Escola Básica e Secundária de São Sebastião, Mértola",Achada de S. Sebastião,7750-335,Mértola,286612802,servicos@aemertola.edu.gov.pt,135616,Agrupamento de Escolas de Mértola,Sim,8
Escola Básica de Moura,Rua do Calvário,Sto Aleixo Da Restauração,7875-172,285965065,eb1.sarestauracao@escolas.min-edu.pt,135057,"Agrupamento de Escolas de Amareleja, Moura",Não,7
"Escola Básica de Amareleja, Moura",Rua do Calvário,Sto Aleixo Da Restauração,7875-172,285965065,eb1.sarestauracao@escolas.min-edu.pt,135057,"Agrupamento de Escolas de Amareleja, Moura",Não,7
"Escola Básica Damião de Odemira, Odemira",Horta dos Reis - Apartado 25,7630-174,Odemira,283320170,eb23.damiaoodemira@escolas.min-edu.pt,135434,Agrupamento de Escolas de Odemira,Não,6
"Escola Básica n.º 1 de Sabóia, Odemira",Luzianes-Gare,Luzianes-Gare,7665-891,283933227,eb1ji.luzianesgare@escolas.min-edu.pt,135082,"Agrupamento de Escolas de Sabóia, Odemira",Não,5
"Escola Básica Aviador Brito Paes, Colos, Odemira",Cerca do Vale da Rosa,Colos,7630-329,283650000,servicos@aecolos.edu.gov.pt,135070,"Agrupamento de Escolas de Colos, Odemira",Sim,4
Colégio de Nossa Senhora da Graça,R. Custódio Brás Pacheco,Vila Nova De Milfontes,7645-256,283996103,cl.nsragraca@escolas.min-edu.pt,n.a.,n.a.,n.a.,n.a.
"Escola Básica Engenheiro Manuel R. Amaro da Costa, São Teotónio, Odemira",Alameda dos Combatentes,s/n,São Teotónio,283958291,servicos@aestodemira.edu.gov.pt,135069,"Agrupamento de Escolas de São Teotónio, Odemira",Sim,5
Escola Básica e Secundária de Ourique,Estrada de Garvão,7670-253,Ourique,286510900,servicos@aeourique.edu.gov.pt,135392,Agrupamento de Escolas de Ourique,Sim,6
"Escola Básica n.º 1 de Vila Nova de S. Bento, Serpa",Avenida da Liberdade,Vila Nova De São Bento,7830-055,284580080,eb1.aldeianovasbento@escolas.min-edu.pt,135100,Agrupamento de Escolas n.º 2 de Serpa,Não,7
"Escola Básica de Abade Correia da Serra, Serpa",Rua Dr Edgar Pires Valadas,7830-479,Serpa,-,-,135094,-,-,-
"Escola Básica de Pias, Serpa",Rua Dr. António Sergio,26,Pias Srp,284850000,ebiji.pias@escolas.min-edu.pt,135094,Agrupamento de Escolas n.º 1 de Serpa,Não,6
"Escola Básica Frei António Chagas, Vidigueira",Estrada da Circunvalação,7960-212,Vidigueira,284437300,servicos@aevid.edu.gov.pt,135112,Agrupamento de Escolas de Vidigueira,Sim,4
Escola Básica de Amares,Rua da Liberdade,2710-022,Sintra,219233623,-,172455,"Agrupamento de Escolas Monte da Lua, Sintra",Não,11
"Escola Básica de Fragoso, Barcelos",Lugar de Cruz,Palme,4905-127,253877258,eb1.cruzpalme@escolas.min-edu.pt,151245,"Agrupamento de Escolas de Fragoso, Barcelos",Não,6
"Escola Básica Gonçalo Nunes, Arcozelo, Barcelos",Avenida João Duarte,4750-175,Barcelos,253812296,secretaria@aegn.pt,150710,"Agrupamento de Escolas Gonçalo Nunes, Barcelos",Sim,10
"Escola Básica e Secundária Vale d’Este, Viatodos, Barcelos",Rua das Fontainhas,175,Viatodos,252960200,servicos@aevaledeste.edu.gov.pt,151257,"Agrupamento de Escolas de Vale d’Este, Barcelos",Sim,12
"Colégio ""La Salle""",R. Irmãos de La Salle - Barcelinhos,4755-054,Barcelos,253831249,cl.lasalle@escolas.min-edu.pt,n.a.,n.a.,n.a.,n.a.
"Escola Básica Rosa Ramalho, Barcelinhos, Barcelos",R. Prof Celestino Costa,4755-058,Barcelos,253831090,servicos@aerosaramalho.edu.gov.pt,150940,"Agrupamento de Escolas Rosa Ramalho, Barcelos",Sim,18
"Escola Básica e Secundária de Vila Cova, Barcelos",Rua Padre Paulino Ribeiro,Vila Cova Bcl,4750-795,253862893,servicos@aevc.edu.gov.pt,150460,"Agrupamento de Escolas de Vila Cova, Barcelos",Sim,4
"Escola Básica e Secundária de Vale do Tamel, Lijó, Barcelos",Rua 25 de Abril,350,Lijó,253808170,servicos@valetamel.edu.gov.pt,150939,"Agrupamento de Escolas de Vale do Tamel, Barcelos",Sim,15
Conservatório de Música de Barcelos,Avenida das Pontes,n.º 221,Tamel (São Veríssimo),253824002,acm.barcelos@escolas.min-edu.pt,n.a.,n.a.,n.a.,n.a.
Colégio Didálvi,Lugar da Igreja,Alvito (São Pedro),4750-085,253881195,didalvi@escolas.min-edu.pt,n.a.,n.a.,n.a.,n.a.
"Escola Básica de Manhente, Barcelos",Lugar de Casas Novas,Manhente,4750-557,253849410,eb23.manhente@escolas.min-edu.pt,150137,"Agrupamento de Escolas Alcaides de Faria, Barcelos",Não,10
"Escola Básica Abel Varzim, Barrancos, Barcelos",Lugar de Barrancos,Vila Seca Bcl,4755-556,253852965,eb23.abelvarzim@escolas.min-edu.pt,150927,Agrupamento de Escolas de Barcelos,Não,8
"Escola Básica de Lamaçães, Braga",R. da Escola,nº 19,4715-001,253254389,eb1.n25.braga@escolas.min-edu.pt,150990,"Agrupamento de Escolas Dona Maria II, Braga",Não,10
"Escola Básica Frei Caetano Brandão, Maximinos, Braga",Rua da Naia - Maximinos,4700-137,Braga,253309090,eb23.fcaetanobrandao@escolas.min-edu.pt,150721,"Agrupamento de Escolas de Maximinos, Braga",Não,7
"Externato ""Paulo VI""",Rua de S. Gonçalo,nº 24-30,4710-310,-,-,n.a.,-,-,-
"Escola Básica de Real, Braga",Caminho da Ordem Nº 2,4700-282,Braga,253691233,-,151725,"Agrupamento de Escolas de Real, Braga",Não,9
"Escola Básica de Trigal de Santa Maria, Braga",Lugar de Igreja,4700-895,Parada De Tibães,253286404,eb1.igrejatebosa@escolas.min-edu.pt,150964,"Agrupamento de Escolas de Trigal de Santa Maria, Braga",Não,11
"Escola Básica Dr. Francisco Sanches, Braga",R. Dias da Silva,4700-375,Braga,253264790,eb1.n5.braga@escolas.min-edu.pt,150988,"Agrupamento de Escolas Doutor Francisco Sanches, Braga",Não,7
"Colégio ""D. Diogo de Sousa""",R. Conselheiro Bento Miguel,4710-294,Braga,253201290,cl.ddiogodesousa@escolas.min-edu.pt,n.a.,n.a.,n.a.,n.a.
Colégio João Paulo II,Rua Dr. José Augusto,nº 7,5000-575,934335030,secretaria.vilareal@cjp.com.pt,n.a.,n.a.,n.a.,n.a.
Colégio Leonardo da Vinci,Rua Conselheiro Bento Miguel,nº 10,4710-306,253272149,ext.leonardodavinci@escolas.min-edu.pt,n.a.,n.a.,n.a.,n.a.
"Escola Básica André Soares, Braga",Rua Padre Armando Lira,4705-001,Arentim,253261482,eb1ji.pontepedrinha@escolas.min-edu.pt,150952,"Agrupamento de Escolas André Soares, Braga",Não,5
"Escola Básica de Palmeira, Braga",Rua Cimo de Vila,n.º 5,4700-693,253626549,eb23.palmeira@escolas.min-edu.pt,150241,"Agrupamento de Escolas Sá de Miranda, Braga",Não,12
"Escola Básica de Celeirós, Braga",R. da Cruz,4705-406,Celeirós Brg,253673839,eb1.n38.braga@escolas.min-edu.pt,151002,"Agrupamento de Escolas de Celeirós, Braga",Não,7
Colégio Teresiano,R. do Taxa,nº 106,4710-448,253204110,cl.teresiano@escolas.min-edu.pt,n.a.,n.a.,n.a.,n.a.
"Externato ""Carvalho Araújo""",Avenida de S.Frutuoso S/N,4700-291,Braga,253300830,ext.carvalhoaraujo@escolas.min-edu.pt,n.a.,n.a.,n.a.,n.a.
"Escola Artística do Conservatório de Música Calouste Gulbenkian, Braga",Rua da Fundação Gulbenkian,4710-394,Braga,-,-,404251,-,-,-
"Escola Básica de Braga Oeste, Cabreiros, Braga",Largo João Martins Oliveira,nº 5,4705-769,253919140,servicos@aebragaoeste.edu.gov.pt,150253,Agrupamento de Escolas de Braga Oeste,Sim,10
"Escola Básica de Nogueira, Braga",R. dos Barreiros-Nogueira,4715-166,Braga,253682355,eb1.n16.braga@escolas.min-edu.pt,150976,"Agrupamento de Escolas Alberto Sampaio, Braga",Não,11
"Escola Básica de Mosteiro e Cávado, Panóias, Braga",Lg de Assento,4700-760,Panoias Brg,253625470,eb1.assentopanoias@escolas.min-edu.pt,151713,"Agrupamento de Escolas de Mosteiro e Cávado, Braga",Não,9
Colégio Alfacoop - Externato Infante  D. Henrique,Avª Comendador Padre David - Lugar de Este,4709-008,Ruílhe,253959000,ext.infantedhenrique@escolas.min-edu.pt,n.a.,n.a.,n.a.,n.a.
Externato Nossa Senhora das Graças,Quinta de Real - Apartado 51,4700-001,Braga,253300010,ext.nsdasgracasbraga@escolas.min-edu.pt,n.a.,n.a.,n.a.,n.a.
"Escola Básica de Gualtar, Braga",R. da Escola Nova-Lameira-Gualtar,4710-076,Braga,253678068,eb1.n22.braga@escolas.min-edu.pt,150149,"Agrupamento de Escolas Carlos Amarante, Braga",Não,10
Externato de S. Miguel de Refojos,Praça da República - Refojos,4860-355,Cabeceiras de Basto,253669020,ext.smiguelrefojos@escolas.min-edu.pt,n.a.,n.a.,n.a.,n.a.
Escola Básica e Secundária de Cabeceiras de Basto,Campo do Seco-Refojos,4860-353,Cabeceiras de Basto,253662338,servicos@aecb.edu.gov.pt,150162,Agrupamento de Escolas de Cabeceiras de Basto,Sim,8
"Escola Básica do Arco de Baúlhe, Cabeceiras de Basto",Lugar de Souto,Arco De Baúlhe,4860-082,253665284,eb23.arcobaulhe@escolas.min-edu.pt,150162,Agrupamento de Escolas de Cabeceiras de Basto,Não,8
"Escola Básica de Gandarela, Celorico de Basto",Rua Nossa Senhora da Oliveira Vila de Gandarela de Basto,Basto (São Clemente),4890-542,-,-,151737,Agrupamento de Escolas de Celorico de Basto,Não,18
"Escola Básica da Mota, Celorico de Basto",Lugar da Mota,Fervença,4890-314,255490700,eb23.motafervenca@escolas.min-edu.pt,151737,Agrupamento de Escolas de Celorico de Basto,Não,18
Escola Básica e Secundária de Celorico de Basto,Rua Dr. Baltazar Rebelo de Sousa,Gémeos Cbt,4890-377,255320260,servicos@agrcbt.edu.gov.pt,151737,Agrupamento de Escolas de Celorico de Basto,Sim,18
"Escola Básica de Forjães, Esposende",Rua da Pedreira,n.º 207,Forjães,-,-,152894,-,-,-
"Escola Básica António Rodrigues Sampaio, Esposende",Rua da Escola,Antas Eps,4740-013,253872326,eb1.estradaguilheta@escolas.min-edu.pt,152894,"Agrupamento de Escolas António Rodrigues Sampaio, Esposende",Não,10
"Escola Básica de Apúlia, Esposende",Avenida da Praia,Apúlia,4740-033,253960030,eb23.apulia@escolas.min-edu.pt,150850,"Agrupamento de Escolas António Correia de Oliveira, Esposende",Não,12
"Escola Básica Antonio Correia Oliveira, Esposende",Avenida da Praia,Apúlia,4740-033,253960030,eb23.apulia@escolas.min-edu.pt,150850,"Agrupamento de Escolas António Correia de Oliveira, Esposende",Não,12
"Escola Básica de Arões - Santa Cristina, Fafe",Avenida Fonte da Cruz (CM 1578),Arões (Santa Cristina),4820-640,253591036,eb1.mastacristina@escolas.min-edu.pt,152882,Agrupamento de Escolas de Fafe,Não,6
Associação Cultural e Recreativa de Fornelos,Rua da Quintã - Fornelos,Fornelos Faf,4820-422,253490846,-,n.a.,n.a.,n.a.,n.a.
"Escola Básica de Montelongo, Fafe",Parque da Cidade - Apartado 324,4820-000,Fafe,253490220,servicos@aemontelongo.edu.gov.pt,150496,"Agrupamento de Escolas de Montelongo, Fafe",Sim,8
"Escola Básica Padre Joaquim Flores, Revelhe, Fafe",Revelhe,Aboim Faf,4820-001,253509010,eb23.revelhe@escolas.min-edu.pt,150496,"Agrupamento de Escolas de Montelongo, Fafe",Não,8
"Escola Básica de Silvares, São Martinho, Fafe",Rua Dr. Parcídio Summavielle,São Martinho Silvares,4820-715,253459010,eb23.ssmartinho@escolas.min-edu.pt,150502,"Agrupamento de Escolas Professor Carlos Teixeira, Fafe",Não,8
"Escola Básica Arquiteto Fernando Távora, Fermentões, Guimarães",R. Caneiros,4800-080,Guimarães,253557207,eb1.n9.guimaraes@escolas.min-edu.pt,150514,"Agrupamento de Escolas Arquiteto Fernando Távora, Guimarães",Não,5
"Escola Básica de Abação, Guimarães",Ucha de Baixo,Moreira De Cónegos,4815-371,253581026,eb1.uchabaixo@escolas.min-edu.pt,152924,"Agrupamento de Escolas de Abação, Guimarães",Não,6
"Escola Básica do Vale de São Torcato, Guimarães",Rua António Gomes Marinho,4800-000,Guimarães,253552847,eb1.bvssaolourenco@escolas.min-edu.pt,150307,"Agrupamento de Escolas do Vale de São Torcato, Guimarães",Não,4
"Escola Básica Virgínia Moura, Moreira de Cónegos, Guimarães",Avenida 1º de Agosto,Moreira De Cónegos,4815-254,253560160,servicos@aevm.edu.gov.pt,150290,"Agrupamento de Escolas Virgínia Moura, Guimarães",Sim,5
"Escola Básica D. Afonso Henriques, Creixomil, Guimarães",R. Alberto Vieira Braga,4835-011,Guimarães,253413410,servicos@aedah.edu.gov.pt,151038,"Agrupamento de Escolas D. Afonso Henriques, Guimarães",Sim,5
"Escola Básica de Pevidém, Selho - São Jorge, Guimarães",R. da Circunvalação,4835-315,Guimarães,253532335,servicos@aepevidem.edu.gov.pt,151040,"Agrupamento de Escolas de Pevidém, Guimarães",Sim,6
"Escola Básica Gil Vicente, Urgeses, Guimarães",Avenida da Igreja-Urgeses,4810-502,Guimarães,253522403,servicos@agv.edu.gov.pt,151063,"Agrupamento de Escolas Gil Vicente, Guimarães",Sim,4
"Escola Básica Professor Abel Salazar, Guimarães",Rua 13 de Maio,Ronfe,4805-374,253540040,servicos@aepas.edu.gov.pt,150812,"Agrupamento de Escolas Professor Abel Salazar, Guimarães",Sim,5
"Escola Básica Professor João de Meira, Guimarães",R. Calouste Gulbenkian,4810-257,Guimarães,253516914,servicos@aejoaodemeira.edu.gov.pt,151749,"Agrupamento de Escolas João de Meira, Guimarães",Sim,3
"Escola Básica Egas Moniz, Guimarães",Rua Comandante José Luís de Pina,4810-532,Guimarães,253439260,eb23.egasmoniz@escolas.min-edu.pt,151014,"Agrupamento de Escolas Francisco de Holanda, Guimarães",Não,4
"Escola Básica e Secundária Santos Simões, Guimarães",Rua Dr. Santos Simões,4810-767,Guimarães,253439090,servicos@aesantossimoes.edu.gov.pt,152912,"Agrupamento de Escolas Santos Simões, Guimarães",Sim,6
Colégio de Nossa Senhora da Conceição,Rua Das Mondas,993 Candoso (Santiago),4835-133,253424200,geral@colegionsconceicao.pt,n.a.,n.a.,n.a.,n.a.
"Escola Básica de Caldas de Vizela, Vizela",Monte,Santa Eulália,Santa Eulália Viz,253582288,eb1.montestaeulalia@escolas.min-edu.pt,151786,"Agrupamento de Escolas de Caldas de Vizela, Vizela",Não,9
"Escola Básica de Briteiros, Guimarães",Rua da escola,Barco Gmr,4805-016,253472250,eb1.csclaudiabarco@escolas.min-edu.pt,151750,"Agrupamento de Escolas de Briteiros, Guimarães",Não,8
"Escola Básica das Taipas, Caldas das Taipas, Guimarães",Lugar do Trigal - Apartado 4025,4800-000,Guimarães,253470670,servicos@aetaipas.edu.gov.pt,151026,"Agrupamento de Escolas das Taipas, Guimarães",Sim,7
Colégio do Ave,,-,-,-,-,,-,-,-
Colégio Arautos do Evangelho,Rua de Sezim,Apartado 2009,Balazar Gmr,253410306,it.sezim@escolas.min-edu.pt,n.a.,n.a.,n.a.,n.a.
"Escola Básica e Secundária Arqueólogo Mário Cardoso, Ponte, Guimarães",R. Monte da Insua - Apartado 4090,Ponte Gmr,4805-286,253479790,servicos@aeamc.edu.gov.pt,151051,"Agrupamento de Escolas Arqueólogo Mário Cardoso, Guimarães",Sim,6
"Escola Básica do Ave, Póvoa de Lanhoso",Lugar de Porto de Ave,Taíde,4830-755,253949110,eb23.taide@escolas.min-edu.pt,150915,Agrupamento de Escolas de Póvoa de Lanhoso,Não,5
"Escola Básica Gonçalo Sampaio, Póvoa de Lanhoso",R. 25 de Novembro - S. Pedro,4830-523,Póvoa de Lanhoso,253631149,servicos@agoncalosampaio.edu.gov.pt,150320,"Agrupamento de Escolas Gonçalo Sampaio, Póvoa de Lanhoso",Sim,6
"Escola Básica de Rio Caldo, Terras de Bouro",Rua 2,nº 15,Rio Caldo,253390200,eb23.riocaldo@escolas.min-edu.pt,150319,Agrupamento de Escolas de Terras de Bouro,Não,6
Escola Básica e Secundária de Terras de Bouro,Avenida Doutor Artur Adriano Arantes,4840-100,Terras de Bouro,253359010,servicos@aetb.edu.gov.pt,150319,Agrupamento de Escolas de Terras de Bouro,Sim,6
"Escola Básica e Secundária Vieira de Araújo, Vieira do Minho",Rua Drª Maria Júlia Alves Martins,4850-549,Vieira do Minho,253647201,servicos@aeva.edu.gov.pt,150605,"Agrupamento de Escolas Vieira de Araújo, Vieira do Minho",Sim,5
"Escola Básica de Ribeirão, Vila Nova de Famalicão",R. Luís de Camões,4760-000,Vila Nova de Famalicão,252493260,eb1.serralousado@escolas.min-edu.pt,150630,"Agrupamento de Escolas de Ribeirão, Vila Nova de Famalicão",Não,7
"Escola Básica Bernardino Machado, Joane, Vila Nova de Famalicão",Rua de Léognan,160,Joane,252990590,eb23.bmachado@escolas.min-edu.pt,150800,"Agrupamento de Escolas Padre Benjamim Salgado, Vila Nova de Famalicão",Não,7
Colégio Machado Ruivo - Escolinha de Famalicão,Rua Horácio Rebelo Portela,4760-156,Vila Nova de Famalicão,252372325,direcao@colegiomachadoruivo.com,n.a.,n.a.,n.a.,n.a.
Didáxis - Riba de Ave,Rua António Sérgio,188 Apartado 10 - Lugar da Agra,Riba De Ave,252900450,coop.didaxis@escolas.min-edu.pt,n.a.,n.a.,n.a.,n.a.
Colégio Mundos de Vida,R. Carlos Moreira,nº 229,Lousado,-,-,n.a.,-,-,-
"Escola Básica Dr. Nuno Simões, Calendário, Vila Nova de Famalicão",Rua Nossa Senhora da Vitória,nº 95,4760-420,252320760,eb23.drnunosimoes@escolas.min-edu.pt,150642,"Agrupamento de Escolas D. Sancho I, Vila Nova de Famalicão",Não,8
"Escola Básica D. Maria II, Gavião, Vila Nova de Famalicão",Rua da Alegria,200 - Gavião,4760-067,252311365,servicos@aedmaria2.edu.gov.pt,151075,"Agrupamento de Escolas Dona Maria II, Vila Nova de Famalicão",Sim,20
"Escola Básica Conde de Arnoso, Vila Nova de Famalicão",Rua da Vale,512,Santa Maria Arnoso,252910220,ebi.arnosostamaria@escolas.min-edu.pt,151075,"Agrupamento de Escolas Dona Maria II, Vila Nova de Famalicão",Não,20
"Escola Básica Júlio Brandão, Vila Nova de Famalicão",R. Padre António José Carvalho Guimarães,4760-158,Vila Nova de Famalicão,252308220,eb23.juliobrandao@escolas.min-edu.pt,151762,"Agrupamento de Escolas Camilo Castelo Branco, Vila Nova de Famalicão",Não,11
"Escola Básica de Gondifelos, Vila Nova de Famalicão",Estação - Outiz,Outiz,4760-692,252314400,eb1.estacaooutiz@escolas.min-edu.pt,150617,"Agrupamento de Escolas de Gondifelos, Vila Nova de Famalicão",Não,5
"Escola Básica de Prado, Vila Verde",Rua Dr. Lima Cruz,Vila De Prado,4730-460,-,-,150897,"Agrupamento de Escolas de Prado, Vila Verde",Não,6
"Escola Básica de Moure e Ribeira do Neiva, Ribeira, Vila Verde",Lugar da Ribeira,Moure Vvd,4730-303,253927185,servicos@aemourerneiva.edu.gov.pt,150885,"Agrupamento de Escolas de Moure e Ribeira do Neiva, Vila Verde",Sim,11
Escola Básica de Vila Verde,Rua da Escola,3025-400,Lamarosa,239951574,eb1.vverdelamarosa@escolas.min-edu.pt,161974,Agrupamento de Escolas Coimbra Centro,Não,21
"Escola Básica Monsenhor Elísio Araújo, Vila Verde",Bairro do Sol,Pico De Regalados,4730-390,253310370,eb23.elisioaraujo@escolas.min-edu.pt,151774,Agrupamento de Escolas de Vila Verde,Não,18
"Escola Básica de Ribeira do Neiva, Vila Verde",Lugar de Aveleda,Lage,4730-240,253927340,eb1.n1.boucos@escolas.min-edu.pt,150885,"Agrupamento de Escolas de Moure e Ribeira do Neiva, Vila Verde",Não,11
"Escola Básica e Secundária de S. Bento, Vizela",Rua da Liberdade,n.º 60,Ínfias Viz,253480320,servicos@aeinfias.edu.gov.pt,100377,"Agrupamento de Escolas de S. Bento, Vizela",Sim,5
Escola Básica e Secundária de Alfândega da Fé,R. da Escola Preparatória,5350-023,Alfândega da Fé,279460010,servicos@alfandegaescola.edu.gov.pt,150447,Agrupamento de Escolas de Alfândega da Fé,Sim,3
"Escola Básica e Secundária Miguel Torga, Bragança",Rua Miguel Torga,5300-037,Bragança,273381467,servicos@aemigueltorga.edu.gov.pt,153059,"Agrupamento de Escolas Miguel Torga, Bragança",Sim,3
"Escola Básica de Izeda, Bragança",R. Fonte dos Passarinhos,5300-608,Izeda,-,-,152973,-,-,-
"Escola Básica Paulo Quintela, Bragança",Av General Humberto Delgado,5300-167,Bragança,273331157,eb23.pauloquintela@escolas.min-edu.pt,151816,"Agrupamento de Escolas Emídio Garcia, Bragança",Não,7
"Escola Básica Augusto Moreno, Bragança",Avenida General Humberto Delgado,5300-167,Bragança,273322470,eb23.augustomoreno@escolas.min-edu.pt,152973,"Agrupamento de Escolas Abade de Baçal, Bragança",Não,8
Escola Básica e Secundária de Carrazeda de Ansiães,Av. Eng.º Camilo de Mendonça,5140-073,Carrazeda de Ansiães,278618190,servicos@aeca.edu.gov.pt,151828,Agrupamento de Escolas de Carrazeda de Ansiães,Sim,2
"Escola Básica Guerra Junqueiro, Freixo de Espada à Cinta",Lg. do Castanheiro,5180-115,Freixo de Espada à Cinta,279653342,eb1.n1.fespadacinta@escolas.min-edu.pt,151208,"Agrupamento de Escolas Guerra Junqueiro, Freixo de Espada à Cinta",Não,3
Escola Básica e Secundária de Macedo de Cavaleiros,Rua Engenheiro Moura Pegado,5340-245,Macedo de Cavaleiros,278421680,servicos@aemcavaleiros.edu.gov.pt,150526,Agrupamento de Escolas de Macedo de Cavaleiros,Sim,5
Escola Básica e Secundária de Miranda do Douro,R. Coronel Eduardo Beça,5210-192,Miranda do Douro,273431330,servicos@aemdouro.edu.gov.pt,150538,Agrupamento de Escolas de Miranda do Douro,Sim,6
"Escola Básica de Sendim, Miranda do Douro",Avenida do Ciclo Preparatório,Sendim,5225-101,273739130,eb23.sendim@escolas.min-edu.pt,150538,Agrupamento de Escolas de Miranda do Douro,Não,6
"Escola Básica Luciano Cordeiro, Mirandela",Bairro do Pinheiro Manso,5370-336,Mirandela,278262530,eb23.lucianocordeiro@escolas.min-edu.pt,152997,Agrupamento de Escolas de Mirandela,Não,10
"Escola Básica de Torre de Dona Chama, Mirandela",Rua da Escola Básica,Torre De Dona Chama,5385-080,278312231,eb12.torredonachama@escolas.min-edu.pt,152997,Agrupamento de Escolas de Mirandela,Não,10
Escola Básica e Secundária do Mogadouro,Rua Luís de Camões,5,5200-279,279341369,servicos@aemogadouro.edu.gov.pt,151191,Agrupamento de Escolas de Mogadouro,Sim,3
"Escola Básica e Secundária Dr. Ramiro Salgado, Torre de Moncorvo",Bairro de S. Paulo,5160-226,Torre de Moncorvo,279200280,servicos@rsalgado-moncorvo.edu.gov.pt,150575,"Agrupamento de Escolas Doutor Ramiro Salgado, Torre de Moncorvo",Sim,8
Escola Básica e Secundária de Vila Flor,Estrada Nacional,5360-461,Vila Flor,278518200,servicos@agrupvilaflor.edu.gov.pt,151841,Agrupamento de Escolas de Vila Flor,Sim,8
Escola Básica de Vimioso,Bairro de S. Sebastião,5230-304,Vimioso,273518060,servicos@aevimioso.edu.gov.pt,150678,Agrupamento de Escolas de Vimioso,Sim,3
"Escola Básica e Secundária D. Afonso III, Vinhais",Rua da Corujeira,nº 22,5320-323,273770100,servicos@aevinhais.edu.gov.pt,150680,"Agrupamento de Escolas D. Afonso III, Vinhais",Sim,8
"Escola Básica e Secundária Pedro Álvares Cabral, Belmonte",Bairro de Santa Maria,6250-046,Belmonte,275910000,servicos@aepac.edu.gov.pt,161100,"Agrupamento de Escolas Pedro Álvares Cabral, Belmonte",Sim,6
Escola Básica Cidade de Castelo Branco,Bairro do Ribeiro das Perdizes,6000-387,Castelo Branco,-,-,162024,-,-,-
"Escola Básica Professor Doutor António Sena Faria de Vasconcelos, Castelo Branco",Qt. da Carapalha,6000-320,Castelo Branco,272339470,esb3.pdasfv@escolas.min-edu.pt,162024,"Agrupamento de Escolas Nuno Álvares, Castelo Branco",Não,8
"Escola Básica e Secundária de Alcains, Castelo Branco",Rua José Sanches Roque,6005-113,Alcains,272900270,servicos@agrup-alcains-svb.edu.gov.pt,160763,Agrupamento de Escolas José Sanches e S. Vicente da Beira,Sim,12
"Escola Básica de São Vicente da Beira, Castelo Branco",S.Vicente da Beira,6005-270,São Vicente Da Beira,272480010,ebi.svicentebeira@escolas.min-edu.pt,160763,Agrupamento de Escolas José Sanches e S. Vicente da Beira,Não,12
"Escola Básica Afonso de Paiva, Castelo Branco",Sarzedas,6000-708,Sarzedas,272947377,eb1.sarzedas@escolas.min-edu.pt,161111,"Agrupamento de Escolas Afonso de Paiva, Castelo Branco",Não,8
"Escola Básica João Roiz de Castelo Branco, Castelo Branco",Av. Cidade Zhuhai,6000-077,Castelo Branco,272349530,eb23.jrcastelobranco@escolas.min-edu.pt,161135,"Agrupamento de Escolas Amato Lusitano, Castelo Branco",Não,5
"Escola Básica n.º 2 de Teixoso, Covilhã",R. João de Deus,Teixoso,6200-679,275922098,eb1.teixoso@escolas.min-edu.pt,161184,"Agrupamento de Escolas de Teixoso, Covilhã",Não,7
"Escola Básica de Tortosendo, Covilhã",R. Nova do Souto,Tortosendo,6200-761,275954690,eb1.n2.tortosendo@escolas.min-edu.pt,162036,"Agrupamento de Escolas Frei Heitor Pinto, Covilhã",Não,18
"Escola Básica de São Domingos, Cantar-Galo, Covilhã",Rua das Escolas,Cantar Galo,Bairro de S. Domingos,275319520,servicos@aealaneve.edu.gov.pt,160702,"Agrupamento de Escolas A Lã e a Neve, Covilhã",Sim,6
"Escola Básica n.º 2 de Paúl, Covilhã",Rua da Ramila,21,Paul,275961022,eb1.paulpisao19@escolas.min-edu.pt,162036,"Agrupamento de Escolas Frei Heitor Pinto, Covilhã",Não,18
"Escola Básica Pêro da Covilhã, Covilhã",Est de Santo Antonio,6200-000,Covilhã,275324349,eb1.stantoniocovilha@escolas.min-edu.pt,161159,"Agrupamento de Escolas Pêro da Covilhã, Covilhã",Não,11
Conservatório Regional de Música da Covilhã,Rua Nuno Álvares Pereira,nº 44,6200-154,275322432,cvm.covilha@escolas.min-edu.pt,n.a.,n.a.,n.a.,n.a.
"Escola Básica de Silvares, Fundão",Sítio das Lameiras - Apartado 1,Silvares Fnd,6230-648,-,-,161123,-,-,-
"Escola Básica Serra da Gardunha, Fundão",Bairro Santa Isabel,6230-297,Fundão,275772928,servicos@aegx.edu.gov.pt,161123,"Agrupamento de Escolas Gardunha e Xisto, Fundão",Sim,20
"Escola Básica João Franco, Fundão",Quinta da Nora - Apart 341,6230-204,Fundão,275750570,eb23.joaofranco@escolas.min-edu.pt,161196,Agrupamento de Escolas do Fundão,Não,11
"Externato ""Capitão Santiago de Carvalho""",Largo Padre José Carvalho de Santiago,nº 6,Alpedrinha,275567211,ext.csdecarvalho@escolas.min-edu.pt,n.a.,n.a.,n.a.,n.a.
"Escola Básica e Secundária José Silvestre Ribeiro, Idanha-a-Nova",Rua Doutor Aprígio Melo Leão de Meireles,6060-101,Idanha-a-Nova,277200260,servicos@agrupamentoidanha.edu.gov.pt,160805,"Agrupamento de Escolas José Silvestre Ribeiro, Idanha-a-Nova",Sim,8
"Escola Básica e Secundária Padre António de Andrade, Oleiros",Rua dos Bombeiros Voluntários,nº 12,6160-404,272680210,servicos@aepaa.edu.gov.pt,160489,"Agrupamento de Escolas Padre António de Andrade, Oleiros",Sim,4
"Escola Básica e Secundária Ribeiro Sanches, Penamacor",Sítio do Areal - Apartado 29,6090-531,Penamacor,277390090,servicos@ribeirosanches.edu.gov.pt,161214,"Agrupamento de Escolas Ribeiro Sanches, Penamacor",Sim,2
"Escola Básica e Secundária Pedro da Fonseca, Proença-a-Nova",Av. do Colégio,6150-401,Proença-a-Nova,274670080,servicos@aepnova.edu.gov.pt,160799,Agrupamento de Escolas de Proença-a-Nova,Sim,3
"Instituto ""Vaz Serra""",R. Libanio Vaz Serra,Cernache Do Bonjardim,6100-268,274800060,it.vazserra@escolas.min-edu.pt,n.a.,n.a.,n.a.,n.a.
Escola Básica de Sertã,Cumeada,Cumeada,6100-362,274604273,eb1ji.cumeada@escolas.min-edu.pt,161226,Agrupamento de Escolas de Sertã,Não,13
"Escola Básica Padre António Lourenço Farinha, Sertã",Av. D. Nuno Alvares Pereira,6100-733,Sertã,274600190,eb23.palfarinha@escolas.min-edu.pt,161226,Agrupamento de Escolas de Sertã,Não,13
"Escola Básica e Secundária do Centro de Portugal, Vila de Rei",Av. José Cardoso Pires,6110-117,Vila de Rei,274890050,servicos@aevr.edu.gov.pt,160581,Agrupamento de Escolas de Vila de Rei,Sim,2
Escola Básica de Vila Velha de Ródão,Rua da Escola,6030-221,Vila Velha de Ródão,272541041,servicos@aevvr.edu.gov.pt,160787,Agrupamento de Escolas de Vila Velha de Ródão,Sim,2
"Escola Básica Professor Mendes Ferrão, Coja, Arganil",Av. Padre José Vicente,Coja,3305-110,235729511,eb23.pfmendesferrao@escolas.min-edu.pt,161238,Agrupamento de Escolas de Arganil,Não,9
Escola Básica n.º 2 de Arganil,Bairro do Sobreiral,3300-122,Arganil,235200400,eb23.arganil@escolas.min-edu.pt,161238,Agrupamento de Escolas de Arganil,Não,9
Academia de Música de Cantanhede,Rua António da Silva Bronze,3060-140,Cantanhede,231429699,acm.cantanhede@escolas.min-edu.pt,n.a.,n.a.,n.a.,n.a.
"Escola Básica e Secundária João Garcia Bacelar, Tocha, Cantanhede",Rua da Escola C+S,Tocha,3060-708,-,-,160179,-,-,-
"Escola Básica Carlos de Oliveira, Febres, Cantanhede",Rua Profª. Ester dos Prazeres Barbosa,Febres,3060-312,231461870,eb23.carlosoliveira@escolas.min-edu.pt,160180,"Agrupamento de Escolas Lima-de-Faria, Cantanhede",Não,8
"Escola Básica Marquês de Marialva, Cantanhede",Rua D. Maria Luísa Campos,Ançã,3060-040,-,-,161240,"Agrupamento de Escolas Marquês de Marialva, Cantanhede",Não,13
"Escola Básica n.º 2 de São Silvestre, Coimbra",R. 25 de Abril nº46,3025-540,São Silvestre,239964735,eb1.ss25abril46@escolas.min-edu.pt,161974,Agrupamento de Escolas Coimbra Centro,Não,21
"Escola Básica Poeta Manuel da Silva Gaio, Santa Clara, Coimbra",Rua Luis António Verney,3040-259,Coimbra,239801180,eb23.manuelsilvagaio@escolas.min-edu.pt,161974,Agrupamento de Escolas Coimbra Centro,Não,21
Colégio de S. José,R. Frei Tomé de Jesus,nº 11,3000-195,239852330,cl.sjosecoimbra@escolas.min-edu.pt,n.a.,n.a.,n.a.,n.a.
Colégio Novo de Coimbra,Avenida Dr. José R. Sousa Fernandes,3020-228,Coimbra,239497080,it.educativolordemao@escolas.min-edu.pt,n.a.,n.a.,n.a.,n.a.
St. Paul’s School,Rua D. João - Fala - São Martinho do Bispo,3045-055,Coimbra,239093407,geral@stpauls.pt,n.a.,n.a.,n.a.,n.a.
"Escola Básica Rainha Santa Isabel, Pedrulha, Coimbra",Bairro do Ingote,3020-210,Coimbra,239495852,eb1.ingote@escolas.min-edu.pt,161263,"Agrupamento de Escolas Rainha Santa Isabel, Pedrulha, Coimbra",Não,15
"Escola Básica de Ceira, Coimbra",Rua da Escola,3030-906,Ceira,239923179,eb1.vendasceira@escolas.min-edu.pt,161251,Agrupamento de Escolas Coimbra Sul,Não,11
Colégio da Rainha Stª Isabel,R. do Brasil,nº 41,3030-175,239793960,cl.rainhastaisabel@escolas.min-edu.pt,n.a.,n.a.,n.a.,n.a.
Colégio Bissaya Barreto,Quinta dos Plátanos,3045-194,Coimbra,239800430,cl.bissayabarreto@escolas.min-edu.pt,n.a.,n.a.,n.a.,n.a.
"Escola Básica Eugénio de Castro, Coimbra",Rua Monsenhor Nunes Pereira,3030-482,Coimbra,-,-,161305,"Agrupamento de Escolas Eugénio de Castro, Coimbra",Não,5
"Escola Básica e Secundária Quinta das Flores, Coimbra",Rua Pedro Nunes,3030-199,Coimbra,239791230,servicos@ebsqf.edu.gov.pt,402590,"Escola Básica e Secundária Quinta das Flores, Coimbra",Não,1
Escola de Música São Teotónio,Rua do Brasil,49,3030-175,239701467,esc.mssaoteotonio@escolas.min-edu.pt,n.a.,n.a.,n.a.,n.a.
"Escola Básica Martim de Freitas, Coimbra",Av. Dias da Silva nº193,3000-137,Coimbra,-,-,161329,-,-,-
"Escola Básica n.º 2 de Taveiro, Coimbra",R. José Adelino da Silva,nº 28,3045-479,239983075,eb1.taveiro@escolas.min-edu.pt,161986,Agrupamento de Escolas Coimbra Oeste,Não,16
"Escola Básica Inês de Castro, São Martinho do Bispo, Coimbra",Quinta da Vinha Moura,São Martinho do Bispo - Apartado 7051,3040-226,239801330,eb23.inescastro@escolas.min-edu.pt,161986,Agrupamento de Escolas Coimbra Oeste,Não,16
Colégio de S. Teotónio,R. do Brasil,49,3030-175,239701467,cl.steotonio@escolas.min-edu.pt,n.a.,n.a.,n.a.,n.a.
"Escola Básica Pintor Mário Augusto, Alhadas, Figueira da Foz",Alhadas,3090-401,Figueira da Foz,233937550,eb23.pmarioaugusto@escolas.min-edu.pt,161354,"Agrupamento de Escolas Figueira Norte, Figueira da Foz",Não,15
"Escola Básica Dr. Pedrosa Veríssimo, Paião, Figueira da Foz",Rua da Escola Dr. Pedrosa Veríssimo,Paião,3090-495,233900700,servicos@aepaiao.edu.gov.pt,161378,"Agrupamento de Escolas de Paião, Figueira da Foz",Sim,12
"Escola Básica João de Barros, Figueira da Foz",Avenida Dr. Manuel Gaspar de Lemos,3080-184,Figueira da Foz,233401620,servicos@aezuff.edu.gov.pt,161380,Agrupamento de Escolas da Zona Urbana da Figueira da Foz,Sim,8
"Escola Básica Infante D. Pedro, Buarcos, Figueira da Foz",R. Rio de Cima - Apartado 44,3080-289,Figueira da Foz,233401310,eb23.infantedpedro@escolas.min-edu.pt,161366,"Agrupamento de Escolas Figueira Mar, Figueira da Foz",Não,6
Escola Básica de Góis,Alvares,Alvares,3330-140,-,-,160192,-,-,-
Escola Básica n.º 1 de Lousã,R Delfim Ferreira,3200-162,Lousã,239994580,eb1.starita@escolas.min-edu.pt,161391,Agrupamento de Escolas da Lousã,Não,9
Escola Básica n.º 2 de Lousã,R Delfim Ferreira,3200-162,Lousã,239994580,eb1.starita@escolas.min-edu.pt,161391,Agrupamento de Escolas da Lousã,Não,9
Escola Básica de Mira,Rua Cidade de Nova York,2650-014,Amadora,-,eb1ji.n2.casalmira@escolas.min-edu.pt,170719,"Agrupamento de Escolas José Cardoso Pires, Amadora",Não,5
"Escola Básica e Secundária José Falcão, Miranda do Corvo",Rua Lídio Alves Gomes,3220-219,Miranda do Corvo,239530010,servicos@aemc.edu.gov.pt,161410,Agrupamento de Escolas de Miranda do Corvo,Sim,13
"Escola Básica Professor Doutor Ferrer Correia, Senhor da Serra, Miranda do Corvo",Rua Fonte dos Castanheiros,Semide,3220-431,239540130,ebiji.pdfcorreia@escolas.min-edu.pt,161410,Agrupamento de Escolas de Miranda do Corvo,Não,13
"Escola Básica de Pereira, Montemor-o-Velho",Rua de Santa Rita,Pereira Mmv,3140-316,239647028,ebi.pereira@escolas.min-edu.pt,161433,Agrupamento de Escolas de Montemor-o-Velho,Não,15
"Escola Básica Dr. José dos Santos Bessa, Carapinheira, Montemor-o-Velho",Rua do Clube Desportivo Carapinheirense,nº4,Carapinheira,239629295,eb23.djsantosbessa@escolas.min-edu.pt,161433,Agrupamento de Escolas de Montemor-o-Velho,Não,15
"Escola Básica de Arazede, Montemor-o-Velho",Rua da Lagoa Grande,Faíscas,Arazede,239600130,eb23.arazede@escolas.min-edu.pt,161433,Agrupamento de Escolas de Montemor-o-Velho,Não,15
Escola Básica e Secundária de Montemor-o-Velho,Lg. Nª Srª. do Desterro,3140-000,Montemor-o-Velho,239687150,servicos@aemontemor-velho.edu.gov.pt,161433,Agrupamento de Escolas de Montemor-o-Velho,Sim,15
"Escola Básica de Cordinha, Oliveira do Hospital",Rua dos Oleiros,Ervedal Ohp,3405-062,238641088,ebi.cordinha@escolas.min-edu.pt,162000,Agrupamento de Escolas de Oliveira do Hospital,Não,19
"Escola Básica de Ponte das Três Entradas, Oliveira do Hospital",Rua António Oliveira,São Sebastião Da Feira,3400-731,238670090,ebi.ptresentradas@escolas.min-edu.pt,162000,Agrupamento de Escolas de Oliveira do Hospital,Não,19
"Escola Básica de Lagares da Beira, Oliveira do Hospital",Bairro Nª Srª da Conceição,Lagares Ohp,3405-155,238640800,ebi.lagaresbeira@escolas.min-edu.pt,162000,Agrupamento de Escolas de Oliveira do Hospital,Não,19
Escola Básica n.º 2 de Oliveira do Hospital,Rua António Oliveira,São Sebastião Da Feira,3400-731,238670090,ebi.ptresentradas@escolas.min-edu.pt,162000,Agrupamento de Escolas de Oliveira do Hospital,Não,19
"Escola Básica e Secundária Escalada, Pampilhosa da Serra",Bairro de S. Martinho,3320-206,Pampilhosa da Serra,235590400,servicos@ae-escalada.edu.gov.pt,160507,"Agrupamento de Escolas Escalada, Pampilhosa da Serra",Sim,2
Escola Básica e Secundária de Penacova,Rua Dr. Homero Pimentel,n.º 1,3360-344,239470190,servicos@aepenacv.edu.gov.pt,161901,Agrupamento de Escolas de Penacova,Sim,14
"Escola Básica de São Pedro de Alva, Penacova",Apartado 13 S Pedro de Alva,São Pedro De Alva,3360-258,239456680,eb23.spedroalva@escolas.min-edu.pt,161901,Agrupamento de Escolas de Penacova,Não,14
"Escola Básica Infante D. Pedro, Penela",Cumieira,Cumeeira,3230-016,236622403,eb1.cumieirapenela@escolas.min-edu.pt,160234,"Agrupamento de Escolas Infante D. Pedro, Penela",Não,3
Escola Básica de Soure,Rua Nova (EN 348),Degracias,3130-022,236911125,eb1.degracias@escolas.min-edu.pt,161469,"Agrupamento de Escolas Martinho Árias, Soure",Não,18
"Instituto ""Pedro Hispano""",R. de Gabrielos,Granja Do Ulmeiro,3130-080,239640250,it.pedrohispano@escolas.min-edu.pt,n.a.,n.a.,n.a.,n.a.
"Escola Básica Margarida Fierro Caeiro da Matta, Midões, Tábua",Alameda Cuqui Fierro,Midões Tbu,3420-136,235460120,ebi.midoes@escolas.min-edu.pt,161482,Agrupamento de Escolas de Tábua,Não,14
Escola Básica n.º 2 de Tábua,Rua da Escola,Mouronho,3420-168,235713794,eb1.mouronho@escolas.min-edu.pt,161482,Agrupamento de Escolas de Tábua,Não,14
"Escola Básica e Secundária Dr. Daniel de Matos, Vila Nova de Poiares",Rua Capitão Salgueiro Maia,n.º 2,3350-079,239429410,servicos@aepoiares.edu.gov.pt,160520,Agrupamento de Escolas de Vila Nova de Poiares,Sim,4
"Escola Básica Diogo Lopes Sequeira, Alandroal",Tapada da Alfarrobeira,7250-101,Alandroal,268447010,servicos@alandroal.edu.gov.pt,135124,Agrupamento de Escolas de Alandroal,Sim,4
"Escola Básica e Secundária Cunha Rivara, Arraiolos",R. 5 de Outubro,7040-028,Arraiolos,266490400,servicos@aearraiolos.edu.gov.pt,135525,Agrupamento de Escolas de Arraiolos,Sim,7
"Escola Básica Padre Bento Pereira, Borba",Avenida Bombeiros Voluntários,7150-101,Borba,-,-,135136,-,-,-
"Escola Básica Sebastião da Gama, Estremoz",R. General Humberto Delgado,7100-123,Estremoz,268333784,servicos@aeetz.edu.gov.pt,135574,Agrupamento de Escolas de Estremoz,Sim,11
"Escola Básica Conde de Vilalva, Évora",Avenida António Barata - Bairro das Pites,7005-621,Évora,266777320,eb23.condevilalva@escolas.min-edu.pt,135562,"Agrupamento de Escolas André de Gouveia, Évora",Não,13
"Escola Básica Manuel Ferreira Patrício, Évora",Av. Engº Arantes de Oliveira,7000-758,Évora,266750050,servicos@aempatricio.edu.gov.pt,135537,"Agrupamento de Escolas Manuel Ferreira Patrício, Évora",Sim,7
"Escola Básica André de Resende, Évora",Avenida Gago Coutinho,7005-135,Évora,266739560,eb23.andreresende@escolas.min-edu.pt,135549,"Agrupamento de Escolas Gabriel Pereira, Évora",Não,10
"Escola Básica de Santa Clara, Évora",R. de Santa Clara,nº 2,7000-517,266748970,eb23.staclaraevora@escolas.min-edu.pt,135550,"Agrupamento de Escolas Severim de Faria, Évora",Não,9
Salesianos de Évora - Colégio,Av. São João Bosco,n.º4,7000-766,266736254,fundacao@evora.salesianos.pt,n.a.,n.a.,n.a.,n.a.
"Escola Básica São João de Deus, Montemor-o-Novo",Rua Dr. Adriano Vaz Velho,7050-147,Montemor-o-Novo,266898600,eb23.sjoaodeus@escolas.min-edu.pt,135586,Agrupamento de Escolas de Montemor-o-Novo,Não,17
Escola Básica e Secundária de Mora,Bairro das Acacias,Samora Correia,2135-263,263654324,servicos@aescorreia.edu.gov.pt,170331,"Agrupamento de Escolas de Samora Correia, Benavente",Sim,9
Escola Básica de Mourão,R. Natália Correia,Rio De Mouro,2635-475,219172212,eb1.n1.paioes@escolas.min-edu.pt,172467,"Agrupamento de Escolas Dona Maria II, Sintra",Não,5
"Escola Básica e Secundária D. João de Portel, Portel",R. de S. Paulo,7220-401,Portel,266619060,aeportel@aeportel.pt,130140,Agrupamento de Escolas de Portel,Sim,6
"Escola Básica e Secundária Dr. Hernâni Cidade, Redondo",Avª Dr. Domingos Rosado,7170-029,Redondo,266909215,servicos@aeredondo.edu.gov.pt,135598,Agrupamento de Escolas de Redondo,Sim,2
"Escola Básica António Gião, Reguengos de Monsaraz",Urb. Quinta Nova,7200-204,Reguengos de Monsaraz,266509200,eb23.rmonsaraz@escolas.min-edu.pt,135604,Agrupamento de Escolas de Reguengos de Monsaraz,Não,10
Escola Básica n.º 1 de Vendas Novas,Rua Bento Gonçalves -Campos da Misericordia,7080-000,Vendas Novas,265892243,eb1.cmisericordia@escolas.min-edu.pt,135410,Agrupamento de Escolas de Vendas Novas,Não,7
Colégio de Laura Vicuña,Avenida 25 de Abril,n.º 15,7080-184,265809510,clv.vendasnovas@salesianas.pt,n.a.,n.a.,n.a.,n.a.
"Escola Básica de Alcáçovas, Viana do Alentejo",Urb. Chão do Mocho,7090-000,Viana do Alentejo,-,-,135173,-,-,-
"Escola Básica e Secundária Dr. Isidoro de Sousa, Viana do Alentejo",Estrada da Qt. de Stª Maria,7090-000,Viana do Alentejo,266930070,servicos@aeviana-alentejo.edu.gov.pt,135173,Agrupamento de Escolas de Viana do Alentejo,Sim,5
"Escola Básica D. João IV, Vila Viçosa",Rua Horta do Reguengo,7160-000,Vila Viçosa,268886890,eb23.djoaoiv@escolas.min-edu.pt,135483,Agrupamento de Escolas de Vila Viçosa,Não,10
"Escola Básica da Guia, Albufeira",Rua José Cabrita Cerco das Hortas,Guia Abf,8200-435,289560110,-,145014,"Agrupamento de Escolas de Albufeira Poente, Albufeira",Não,8
"Escola Básica de Ferreiras, Albufeira",Rua das Escolas,8200-000,Albufeira,289370800,ebiji.paderne@escolas.min-edu.pt,145026,"Agrupamento de Escolas de Ferreiras, Albufeira",Não,10
"Escola Básica D. Martim Fernandes, Albufeira",Lg. Luís de Camões,8200-062,Albufeira,289599060,eb23.dmfernandes@escolas.min-edu.pt,145014,"Agrupamento de Escolas de Albufeira Poente, Albufeira",Não,8
"Escola Básica Dr. Francisco Cabrita, Albufeira",Rua da Correeira - Montechoro,8200-112,Albufeira,289588471,eb23.dfcabrita@escolas.min-edu.pt,145385,Agrupamento de Escolas de Albufeira,Não,5
"Escola Básica de Paderne, Albufeira",Rua das Escolas,8200-000,Albufeira,289370800,ebiji.paderne@escolas.min-edu.pt,145026,"Agrupamento de Escolas de Ferreiras, Albufeira",Não,10
"Escola Básica Professora Piedade Matoso, Aljezur",Rua das Escolas,Odeceixe,8670-320,282947332,eb1.odeceixe@escolas.min-edu.pt,145051,"Agrupamento de Escolas Professora Piedade Matoso, Aljezur",Não,3
Escola Básica de Castro Marim,Odeleite,Azinhal Ctm,8950-011,281495372,eb1.odeleite@escolas.min-edu.pt,145063,Agrupamento de Escolas de Castro Marim,Não,4
"Escola Básica D. Afonso III, Faro",R. D. Diogo Mendonça Corte Real,8000-305,Faro,289801736,eb1.altorodes@escolas.min-edu.pt,145087,"Agrupamento de Escolas D. Afonso III, Faro",Não,3
Colégio de Nossa Senhora do Alto,Rua de Berlim,8000-278,Faro,289824020,cl.nsraalto@escolas.min-edu.pt,n.a.,n.a.,n.a.,n.a.
"Escola Básica Poeta Emiliano da Costa, Estoi, Faro",Rua Prof. Amílcar Quaresma,Estoi,8005-479,289990290,eb23.estoi@escolas.min-edu.pt,145567,"Agrupamento de Escolas Pinheiro e Rosa, Faro",Não,9
"Escola Básica de Montenegro, Faro",Estrada de Sta Barbara de Nexe,8005-142,Faro,289815003,eb1.patacao@escolas.min-edu.pt,145105,"Agrupamento de Escolas de Montenegro, Faro",Não,5
"Escola Básica Santo António, Faro",Rua Reitor Teixeira Guedes,8000-425,Faro,289896400,eb23.n4.faro@escolas.min-edu.pt,145099,"Agrupamento de Escolas João de Deus, Faro",Não,5
"Escola Básica Dr. José de Jesus Neves Júnior, Faro",R. Dr. Emílio José Campos Coroa,8005-218,Faro,289892090,eb23.djjnevesjunior@escolas.min-edu.pt,145567,"Agrupamento de Escolas Pinheiro e Rosa, Faro",Não,9
"Escola Básica Dr. Joaquim Rocha Peixoto Magalhães, Faro",Rua Ema Romero Câmara Reis,Horta do Ferragial,8000-544,289805642,eb23.djmagalhaes@escolas.min-edu.pt,145397,"Agrupamento de Escolas Tomás Cabreira, Faro",Não,4
NOBEL - International School Algarve,Barros Brancos – EN 125 Apartado 80,8400-400,Lagoa,282342547,info@nobelalgarve.com,n.a.,n.a.,n.a.,n.a.
"Escola Básica Jacinto Correia, Lagoa",Urb Lagoa sol - Rua Professor José Francisco Cabrita,8401-853,Lagoa,282380200,eb23.jacintocorreia@escolas.min-edu.pt,145403,"Agrupamento de Escolas Padre António Martins de Oliveira, Lagoa",Não,6
"Escola Básica Rio Arade, Parchal, Lagoa",R. da Escola,Parchal,8400-615,282405000,servicos@rioarade.edu.gov.pt,145130,"Agrupamento de Escolas Rio Arade, Lagoa",Sim,8
"Escola Básica Professor João Cónim, Estômbar, Lagoa",R. 20 de Junho - Sitio da Carrasca - Estômbar,Estombar,8400-063,-,-,145130,-,-,-
Escola Básica Tecnopolis de Lagos,Rua Dom Gaspar de Leão - Apartado 145,Odiáxere,8600-001,282244430,eb.tecnopolis@escolas.min-edu.pt,145415,"Agrupamento de Escolas Júlio Dantas, Lagos",Não,5
"Escola Básica das Naus, Lagos",Apartado 850 - Marina - Lagos,8600-000,Lagos,282792266,eb23.naus@escolas.min-edu.pt,145427,"Agrupamento de Escolas Gil Eanes, Lagos",Não,7
Colégio Internacional de Vilamoura,Sítio das Quintinhas - Apartado 856,Quarteira,8125-300,289303280,cl.ivilamoura@escolas.min-edu.pt,n.a.,n.a.,n.a.,n.a.
"Escola Básica Dr. António de Sousa Agostinho, Almancil, Loulé",Largo Poeta Clementino Baeta,Almancil,8135-154,289359560,servicos@aealmancil.edu.gov.pt,145142,"Agrupamento de Escolas de Almancil, Loulé",Sim,7
"Escola Básica São Pedro do Mar, Quarteira, Loulé",Rua da Abelheira,Quarteira,8125-173,289300640,eb23.quarteira@escolas.min-edu.pt,145336,"Agrupamento de Escolas Doutora Laura Ayres, Loulé",Não,7
"Escola Básica D. Dinis, Quarteira, Loulé",R. da Escola,Quarteira,8125-213,289315821,eb1.dfranciscaaragao@escolas.min-edu.pt,145439,"Agrupamento de Escolas D. Dinis, Loulé",Não,2
"Escola Básica Professor Sebastião José Pires Teixeira, Salir, Loulé",R. Artur Marcos Guerreiro,Salir,8100-202,289489518,ebi.salir@escolas.min-edu.pt,145440,"Agrupamento de Escolas Padre João Coelho Cabanita, Loulé",Não,15
"Escola Básica Padre João Coelho Cabanita, Loulé",Ameixial,Ameixial,8100-050,289847128,-,145440,"Agrupamento de Escolas Padre João Coelho Cabanita, Loulé",Não,15
"Escola Básica Manuel do Nascimento, Monchique",Estrada de Sabóia,8550-426,Monchique,282912161,servicos@aemonchique.edu.gov.pt,145180,Agrupamento de Escolas de Monchique,Sim,4
"Escola Básica João da Rosa, Olhão",Estr. Nacional 125,8700-221,Olhão,289705379,eb1.n1.marim@escolas.min-edu.pt,145221,"Agrupamento de Escolas João da Rosa, Olhão",Não,4
"Escola Básica e Secundária Dr. João Lúcio, Fuseta, Olhão",Bias do Sul,Moncarapacho,8700-067,-,-,145543,-,-,-
"Escola Básica Dr. António João Eusébio, Moncarapacho, Olhão",Av. D. Maria Rosa Dias,Moncarapacho,8700-082,289790720,eb23.dajoaoeusebio@escolas.min-edu.pt,145543,"Agrupamento de Escolas Doutor Francisco Fernandes Lopes, Olhão",Não,6
"Escola Básica Dr. Alberto Iria, Olhão",Lg. da Feira,8700-359,Olhão,289713223,eb1.n1.olhao@escolas.min-edu.pt,145452,"Agrupamento de Escolas Doutor Alberto Iria, Olhão",Não,3
"Escola Básica Professor Paula Nogueira, Olhão",Sitio da Igreja,8700-178,Olhão,289701549,eb1.n1.pechao@escolas.min-edu.pt,145191,"Agrupamento de Escolas Professor Paula Nogueira, Olhão",Não,8
"Escola Básica José Carlos da Maia, Olhão",Rua João Augusto Saias,8700-254,Olhão,289703503,eb23.josecarlosmaia@escolas.min-edu.pt,145191,"Agrupamento de Escolas Professor Paula Nogueira, Olhão",Não,8
Colégio Bernardette de Jesus Romeira,Rua Dâmaso da Encarnação,n.º 29,8700-249,289701021,cl.bjesusromeira@escolas.min-edu.pt,n.a.,n.a.,n.a.,n.a.
"Escola Básica e Secundária da Bemposta, Portimão",Rua Pedro Osório,8500-291,Portimão,282244400,servicos@aebemposta.edu.gov.pt,145531,"Agrupamento de Escolas de Bemposta, Portimão",Sim,9
"Escola Básica José Sobral, Mexilhoeira Grande, Portimão",Mexilhoeira Grande,Mexilhoeira Grande,8500-132,282960300,eb23.mgrande@escolas.min-edu.pt,145531,"Agrupamento de Escolas de Bemposta, Portimão",Não,9
"Escola Básica Júdice Fialho, Portimão",Rua Poeta António Aleixo,Alvor,8500-001,282475069,eb1.chaodonas@escolas.min-edu.pt,145490,"Agrupamento de Escolas Júdice Fialho, Portimão",Não,6
"Escola Básica D. Martinho de Castelo Branco, Portimão",Sítio do Pontal,8500-510,Portimão,282460120,eb23.dmcastelobranco@escolas.min-edu.pt,145476,"Agrupamento de Escolas Poeta António Aleixo, Portimão",Não,3
"Escola Básica D. João II, Alvor, Portimão",Largo do Rossio Grande,Apartado 6 – Alvor,8500-000,282459871,eb23.djoaoiialvor@escolas.min-edu.pt,145531,"Agrupamento de Escolas de Bemposta, Portimão",Não,9
"Escola Básica Poeta Bernardo de Passos, São Brás de Alportel",Rua 1.º de Junho,8150-111,São Brás de Alportel,289841603,eb23.bernardopassos@escolas.min-edu.pt,145373,"Agrupamento de Escolas José Belchior Viegas, São Brás de Alportel",Não,9
"Escola Básica de Algoz, Silves",Rua das Quintas,Algoz,8365-062,282570220,eb23.algoz@escolas.min-edu.pt,145269,Agrupamento de Escolas Silves Sul,Não,8
"Escola Básica Dr. António da Costa Contreiras, Armação de Pêra, Silves",Sítio da Torre – Apartado 260,Armação De Pêra,8365-184,282315320,servicos@silvessul.edu.gov.pt,145269,Agrupamento de Escolas Silves Sul,Sim,8
"Escola Básica Dr. Garcia Domingues, Silves",Praceta Gil Eanes - Apartado 38,8300-118,Silves,-,-,145555,-,-,-
"Escola Básica João de Deus, São Bartolomeu de Messines, Silves",Rua Maria da Piedade Bastos Serpa,S Bartolomeu De Messines,8375-163,282339363,eb23.joaodeus@escolas.min-edu.pt,145555,Agrupamento de Escolas de Silves,Não,12
"Escola Básica D. Paio Peres Correia, Tavira",Rua Jorge Corvo,8800-352,Tavira,281326493,eb23.dpperescorreia@escolas.min-edu.pt,145312,"Agrupamento de Escolas Doutor Jorge Augusto Correia, Tavira",Não,5
"Escola Básica D. Manuel I, Tavira",Lg. Dr. Carlos Picoito,8800-000,Tavira,281961156,eb1.seldcpicoito@escolas.min-edu.pt,145324,"Agrupamento de Escolas D. Manuel I, Tavira",Não,9
Escola Waldorf a Oliveira - Polo de Vila do Bispo,Rua 1º de Maio,24,8650-400,282098719,escolalivredoalgarve@gmail.com,n.a.,n.a.,n.a.,n.a.
Escola Waldorf - A Oliveira,R. da Escola Primária,Budens,8650-171,282695898,-,n.a.,n.a.,n.a.,n.a.
"Escola Básica São Vicente, Vila do Bispo",Rua Santa Maria do Cabo,8650-416,Vila do Bispo,282639366,servicos@aevila-bispo.edu.gov.pt,145282,Agrupamento de Escolas de Vila do Bispo,Sim,7
"Escola Básica D. José I, Vila Real de Santo António",R. do Lusitano - Bairro do Matadouro,Vila Real Santo António,8900-000,281512555,eb1.stantoniohortas@escolas.min-edu.pt,145518,"Agrupamento de Escolas D. José I, Vila Real de Santo António",Não,4
"Escola Básica Infante D. Fernando, Vila Nova de Cacela, Vila Real de Santo António",Largo Manuel Cabanas,Vila Nova De Cacela,8900-067,281950500,eb23.vnovacacela@escolas.min-edu.pt,145348,Agrupamento de Escolas de Vila Real de Santo António,Não,3
"Escola Básica de Monte Gordo, Vila Real de Santo António",Rua Pero de Alenquer – Apartado 8,Monte Gordo,8900-431,281510760,eb23.montegordo@escolas.min-edu.pt,145518,"Agrupamento de Escolas D. José I, Vila Real de Santo António",Não,4
"Escola Básica e Secundária Padre José Augusto da Fonseca, Aguiar da Beira",Bairro Padre José Augusto da Fonseca,3570-022,Aguiar da Beira,232689030,servicos@agb.edu.gov.pt,160854,"Agrupamento de Escolas Padre José Augusto da Fonseca, Aguiar da Beira",Sim,8
