id,nome,distrito,municipio,ano de escolaridade,privado/publico
id,"Escola Básica de Aguada de Cima, Águeda",Aveiro,Águeda,2º Ciclo,Público
id,"Escola Básica de Valongo do Vouga, Águeda",Aveiro,Águeda,2º Ciclo,Público
id,"Escola Básica Fernando Caldeira, Águeda",Aveiro,Águeda,2º Ciclo,Público
id,"Escola Básica Professor Artur Nunes Vidal, Fermentelos, Águeda",Aveiro,Águeda,2º Ciclo,Público
id,Instituto Duarte Lemos,Aveiro,Águeda,2º Ciclo,Privado
id,Colégio de Albergaria,Aveiro,Albergaria-a-Velha,2º Ciclo,Privado
id,Escola Básica de Albergaria-a-Velha,Aveiro,Albergaria-a-Velha,2º Ciclo,Público
id,"Escola Básica de Branca, Albergaria-a-Velha",Aveiro,Albergaria-a-Velha,2º Ciclo,Público
id,"Escola Básica de São João de Loure, Albergaria-a-Velha",Aveiro,Albergaria-a-Velha,2º Ciclo,Público
id,Colégio de Nossa Senhora da Assunção,Aveiro,Anadia,2º Ciclo,Privado
id,"Escola Básica de Vilarinho do Bairro, Anadia",Aveiro,Anadia,2º Ciclo,Público
id,Escola Básica e Secundária de Anadia,Aveiro,Anadia,2º Ciclo,Público
id,Salesianos de Mogofores - Colégio,Aveiro,Anadia,2º Ciclo,Privado
id,Escola Básica de Arouca,Aveiro,Arouca,2º Ciclo,Público
id,"Escola Básica e Secundária de Escariz, Arouca",Aveiro,Arouca,2º Ciclo,Público
id,Colégio D. José I,Aveiro,Aveiro,2º Ciclo,Privado
id,Colégio Português (ENSIGEST)- Empreendimentos Educativos Lda,Aveiro,Aveiro,2º Ciclo,Privado
id,"Escola Básica Castro Matoso, Oliveirinha, Aveiro",Aveiro,Aveiro,2º Ciclo,Público
id,"Escola Básica de Aradas, Aveiro",Aveiro,Aveiro,2º Ciclo,Público
id,"Escola Básica de Eixo, Aveiro",Aveiro,Aveiro,2º Ciclo,Público
id,"Escola Básica e Secundária Dr. Jaime Magalhães Lima, Esgueira, Aveiro",Aveiro,Aveiro,2º Ciclo,Público
id,"Escola Básica João Afonso, Aveiro",Aveiro,Aveiro,2º Ciclo,Público
id,"Escola Básica n.º 2 de São Bernardo, Aveiro",Aveiro,Aveiro,2º Ciclo,Público
id,"Escola Básica Rio Novo do Príncipe, Cacia, Aveiro",Aveiro,Aveiro,2º Ciclo,Público
id,"Escola Básica de Couto Mineiro do Pejão, Raiva, Castelo de Paiva",Aveiro,Castelo de Paiva,2º Ciclo,Público
id,Escola Básica e Secundária de Castelo de Paiva,Aveiro,Castelo de Paiva,2º Ciclo,Público
id,Academia de Música de Espinho,Aveiro,Espinho,2º Ciclo,Privado
id,"Escola Básica e Secundária Domingos Capela, Silvalde, Espinho",Aveiro,Espinho,2º Ciclo,Público
id,"Escola Básica e Secundária Dr. Manuel Gomes Almeida, Espinho",Aveiro,Espinho,2º Ciclo,Público
id,"Escola Básica e Secundária Dr. Manuel Laranjeira, Espinho",Aveiro,Espinho,2º Ciclo,Público
id,"Escola Básica Sá Couto, Espinho",Aveiro,Espinho,2º Ciclo,Público
id,"Escola Básica de Pardilhó, Estarreja",Aveiro,Estarreja,2º Ciclo,Público
id,"Escola Básica Padre Donaciano Abreu Freire, Estarreja",Aveiro,Estarreja,2º Ciclo,Público
id,"Escola Básica Professor Doutor Egas Moniz, Avanca, Estarreja",Aveiro,Estarreja,2º Ciclo,Público
id,"Escola Básica de Gafanha da Encarnação, Ílhavo",Aveiro,Ílhavo,2º Ciclo,Público
id,"Escola Básica de Gafanha da Nazaré, Ílhavo",Aveiro,Ílhavo,2º Ciclo,Público
id,"Escola Básica José Ferreira Pinto Basto, Ílhavo",Aveiro,Ílhavo,2º Ciclo,Público
id,Escola Básica n.º 2 de Mealhada,Aveiro,Mealhada,2º Ciclo,Público
id,"Escola Básica n.º 2 de Pampilhosa, Mealhada",Aveiro,Mealhada,2º Ciclo,Público
id,"Escola Básica de Torreira, Murtosa",Aveiro,Murtosa,2º Ciclo,Público
id,"Escola Básica e Secundária Padre António Morais da Fonseca, Murtosa",Aveiro,Murtosa,2º Ciclo,Público
id,"Escola Básica Comendador Ângelo Azevedo, Oliveira de Azeméis",Aveiro,Oliveira de Azeméis,2º Ciclo,Público
id,"Escola Básica de Carregosa, Oliveira de Azeméis",Aveiro,Oliveira de Azeméis,2º Ciclo,Público
id,"Escola Básica de Loureiro, Alumieira, Oliveira de Azeméis",Aveiro,Oliveira de Azeméis,2º Ciclo,Público
id,"Escola Básica Dr. José Pereira Tavares, Pinheiro da Bemposta, Oliveira de Azeméis",Aveiro,Oliveira de Azeméis,2º Ciclo,Público
id,"Escola Básica e Secundária de Fajões, Oliveira de Azeméis",Aveiro,Oliveira de Azeméis,2º Ciclo,Público
id,"Escola Básica e Secundária Dr. Ferreira da Silva, Cucujães, Oliveira de Azeméis",Aveiro,Oliveira de Azeméis,2º Ciclo,Público
id,"Escola Básica e Secundária Ferreira de Castro, Oliveira de Azeméis",Aveiro,Oliveira de Azeméis,2º Ciclo,Público
id,"Escola Básica e Secundária Soares Basto, Oliveira de Azeméis",Aveiro,Oliveira de Azeméis,2º Ciclo,Público
id,"Escola Básica Dr. Acácio de Azevedo, Oliveira do Bairro",Aveiro,Oliveira do Bairro,2º Ciclo,Público
id,"Escola Básica Dr. Fernando Peixinho, Oiã, Oliveira do Bairro",Aveiro,Oliveira do Bairro,2º Ciclo,Público
id,"Escola Básica António Dias Simões, Ovar",Aveiro,Ovar,2º Ciclo,Público
id,"Escola Básica de Maceda, Ovar",Aveiro,Ovar,2º Ciclo,Público
id,"Escola Básica de São Vicente de Pereira Jusã, Ovar",Aveiro,Ovar,2º Ciclo,Público
id,"Escola Básica Florbela Espanca, Esmoriz, Ovar",Aveiro,Ovar,2º Ciclo,Público
id,"Escola Básica Monsenhor Miguel de Oliveira, Válega, Ovar",Aveiro,Ovar,2º Ciclo,Público
id,Colégio das Terras de Santa Maria,Aveiro,Santa Maria da Feira,2º Ciclo,Privado
id,Colégio de Lamas,Aveiro,Santa Maria da Feira,2º Ciclo,Privado
id,Colégio Santa Eulália,Aveiro,Santa Maria da Feira,2º Ciclo,Privado
id,"Escola Básica António Alves de Amorim, Lourosa, Santa Maria da Feira",Aveiro,Santa Maria da Feira,2º Ciclo,Público
id,"Escola Básica de Argoncilhe, Santa Maria da Feira",Aveiro,Santa Maria da Feira,2º Ciclo,Público
id,"Escola Básica de Canedo, Santa Maria da Feira",Aveiro,Santa Maria da Feira,2º Ciclo,Público
id,"Escola Básica de Corga do Lobão, Santa Maria da Feira",Aveiro,Santa Maria da Feira,2º Ciclo,Público
id,"Escola Básica de Milheirós de Poiares, Santa Maria da Feira",Aveiro,Santa Maria da Feira,2º Ciclo,Público
id,"Escola Básica de Paços de Brandão, Santa Maria da Feira",Aveiro,Santa Maria da Feira,2º Ciclo,Público
id,"Escola Básica e Secundária Coelho e Castro, Fiães, Santa Maria da Feira",Aveiro,Santa Maria da Feira,2º Ciclo,Público
id,"Escola Básica e Secundária de Arrifana, Santa Maria da Feira",Aveiro,Santa Maria da Feira,2º Ciclo,Público
id,"Escola Básica Fernando Pessoa, Santa Maria da Feira",Aveiro,Santa Maria da Feira,2º Ciclo,Público
id,"Escola Básica Professor Doutor Ferreira de Almeida, Santa Maria da Feira",Aveiro,Santa Maria da Feira,2º Ciclo,Público
id,Centro de Educação Integral,Aveiro,São João da Madeira,2º Ciclo,Privado
id,Escola Básica e Secundária de São João da Madeira,Aveiro,São João da Madeira,2º Ciclo,Público
id,"Escola Básica e Secundária Dr. Serafim Leite, São João da Madeira",Aveiro,São João da Madeira,2º Ciclo,Público
id,"Escola Básica e Secundária Oliveira Júnior, São João da Madeira",Aveiro,São João da Madeira,2º Ciclo,Público
id,Escola Básica e Secundária de Sever do Vouga,Aveiro,Sever do Vouga,2º Ciclo,Público
id,Colégio Diocesano de Nossa Senhora da Apresentação,Aveiro,Vagos,2º Ciclo,Privado
id,"Escola Básica Dr. João Rocha - Pai, Vagos",Aveiro,Vagos,2º Ciclo,Público
id,"Escola Básica das Dairas, Vale de Cambra",Aveiro,Vale de Cambra,2º Ciclo,Público
id,"Escola Básica e Secundária de Búzio, Vale de Cambra",Aveiro,Vale de Cambra,2º Ciclo,Público
id,"Escola Básica Dr. Manuel Brito Camacho, Aljustrel",Beja,Aljustrel,2º Ciclo,Público
id,"Escola Básica e Secundária Dr. João Brito Camacho, Almodôvar",Beja,Almodôvar,2º Ciclo,Público
id,Escola Básica n.º 1 de Alvito,Beja,Alvito,2º Ciclo,Público
id,Escola Básica de Barrancos,Beja,Barrancos,2º Ciclo,Público
id,"Escola Básica de Santa Maria, Beja",Beja,Beja,2º Ciclo,Público
id,"Escola Básica de Santiago Maior, Beja",Beja,Beja,2º Ciclo,Público
id,"Escola Básica Mário Beirão, Beja",Beja,Beja,2º Ciclo,Público
id,Externato António Sérgio,Beja,Beja,2º Ciclo,Privado
id,"Escola Básica Dr. António Colaço, Castro Verde",Beja,Castro Verde,2º Ciclo,Público
id,"Escola Básica Fialho de Almeida, Cuba",Beja,Cuba,2º Ciclo,Público
id,"Escola Básica e Secundária José Gomes Ferreira, Ferreira do Alentejo",Beja,Ferreira do Alentejo,2º Ciclo,Público
id,"Escola Básica e Secundária de São Sebastião, Mértola",Beja,Mértola,2º Ciclo,Público
id,"Escola Básica de Amareleja, Moura",Beja,Moura,2º Ciclo,Público
id,Escola Básica de Moura,Beja,Moura,2º Ciclo,Público
id,Colégio de Nossa Senhora da Graça,Beja,Odemira,2º Ciclo,Privado
id,"Escola Básica Aviador Brito Paes, Colos, Odemira",Beja,Odemira,2º Ciclo,Público
id,"Escola Básica Damião de Odemira, Odemira",Beja,Odemira,2º Ciclo,Público
id,"Escola Básica Engenheiro Manuel R. Amaro da Costa, São Teotónio, Odemira",Beja,Odemira,2º Ciclo,Público
id,"Escola Básica n.º 1 de Sabóia, Odemira",Beja,Odemira,2º Ciclo,Público
id,Escola Básica e Secundária de Ourique,Beja,Ourique,2º Ciclo,Público
id,"Escola Básica de Abade Correia da Serra, Serpa",Beja,Serpa,2º Ciclo,Público
id,"Escola Básica de Pias, Serpa",Beja,Serpa,2º Ciclo,Público
id,"Escola Básica n.º 1 de Vila Nova de S. Bento, Serpa",Beja,Serpa,2º Ciclo,Público
id,"Escola Básica Frei António Chagas, Vidigueira",Beja,Vidigueira,2º Ciclo,Público
id,Escola Básica de Amares,Braga,Amares,2º Ciclo,Público
id,"Colégio ""La Salle""",Braga,Barcelos,2º Ciclo,Privado
id,Colégio Didálvi,Braga,Barcelos,2º Ciclo,Privado
id,Conservatório de Música de Barcelos,Braga,Barcelos,2º Ciclo,Privado
id,"Escola Básica Abel Varzim, Barrancos, Barcelos",Braga,Barcelos,2º Ciclo,Público
id,"Escola Básica de Fragoso, Barcelos",Braga,Barcelos,2º Ciclo,Público
id,"Escola Básica de Manhente, Barcelos",Braga,Barcelos,2º Ciclo,Público
id,"Escola Básica e Secundária de Vale do Tamel, Lijó, Barcelos",Braga,Barcelos,2º Ciclo,Público
id,"Escola Básica e Secundária de Vila Cova, Barcelos",Braga,Barcelos,2º Ciclo,Público
id,"Escola Básica e Secundária Vale d’Este, Viatodos, Barcelos",Braga,Barcelos,2º Ciclo,Público
id,"Escola Básica Gonçalo Nunes, Arcozelo, Barcelos",Braga,Barcelos,2º Ciclo,Público
id,"Escola Básica Rosa Ramalho, Barcelinhos, Barcelos",Braga,Barcelos,2º Ciclo,Público
id,"Colégio ""D. Diogo de Sousa""",Braga,Braga,2º Ciclo,Privado
id,Colégio Alfacoop - Externato Infante D. Henrique,Braga,Braga,2º Ciclo,Privado
id,Colégio João Paulo II,Braga,Braga,2º Ciclo,Privado
id,Colégio Leonardo da Vinci,Braga,Braga,2º Ciclo,Privado
id,Colégio Teresiano,Braga,Braga,2º Ciclo,Privado
id,"Escola Artística do Conservatório de Música Calouste Gulbenkian, Braga",Braga,Braga,2º Ciclo,Público
id,"Escola Básica André Soares, Braga",Braga,Braga,2º Ciclo,Público
id,"Escola Básica de Braga Oeste, Cabreiros, Braga",Braga,Braga,2º Ciclo,Público
id,"Escola Básica de Celeirós, Braga",Braga,Braga,2º Ciclo,Público
id,"Escola Básica de Gualtar, Braga",Braga,Braga,2º Ciclo,Público
id,"Escola Básica de Lamaçães, Braga",Braga,Braga,2º Ciclo,Público
id,"Escola Básica de Mosteiro e Cávado, Panóias, Braga",Braga,Braga,2º Ciclo,Público
id,"Escola Básica de Nogueira, Braga",Braga,Braga,2º Ciclo,Público
id,"Escola Básica de Palmeira, Braga",Braga,Braga,2º Ciclo,Público
id,"Escola Básica de Real, Braga",Braga,Braga,2º Ciclo,Público
id,"Escola Básica de Trigal de Santa Maria, Braga",Braga,Braga,2º Ciclo,Público
id,"Escola Básica Dr. Francisco Sanches, Braga",Braga,Braga,2º Ciclo,Público
id,"Escola Básica Frei Caetano Brandão, Maximinos, Braga",Braga,Braga,2º Ciclo,Público
id,"Externato ""Carvalho Araújo""",Braga,Braga,2º Ciclo,Privado
id,"Externato ""Paulo VI""",Braga,Braga,2º Ciclo,Privado
id,Externato Nossa Senhora das Graças,Braga,Braga,2º Ciclo,Privado
id,"Escola Básica do Arco de Baúlhe, Cabeceiras de Basto",Braga,Cabeceiras de Basto,2º Ciclo,Público
id,Escola Básica e Secundária de Cabeceiras de Basto,Braga,Cabeceiras de Basto,2º Ciclo,Público
id,"Escola Básica da Mota, Celorico de Basto",Braga,Celorico de Basto,2º Ciclo,Público
id,"Escola Básica de Gandarela, Celorico de Basto",Braga,Celorico de Basto,2º Ciclo,Público
id,Escola Básica e Secundária de Celorico de Basto,Braga,Celorico de Basto,2º Ciclo,Público
id,"Escola Básica Antonio Correia Oliveira, Esposende",Braga,Esposende,2º Ciclo,Público
id,"Escola Básica António Rodrigues Sampaio, Esposende",Braga,Esposende,2º Ciclo,Público
id,"Escola Básica de Apúlia, Esposende",Braga,Esposende,2º Ciclo,Público
id,"Escola Básica de Forjães, Esposende",Braga,Esposende,2º Ciclo,Público
id,Associação Cultural e Recreativa de Fornelos,Braga,Fafe,2º Ciclo,Privado
id,"Escola Básica de Arões - Santa Cristina, Fafe",Braga,Fafe,2º Ciclo,Público
id,"Escola Básica de Montelongo, Fafe",Braga,Fafe,2º Ciclo,Público
id,"Escola Básica de Silvares, São Martinho, Fafe",Braga,Fafe,2º Ciclo,Público
id,"Escola Básica Padre Joaquim Flores, Revelhe, Fafe",Braga,Fafe,2º Ciclo,Público
id,"Escola Básica Prof. Carlos Teixeira, Fafe",Braga,Fafe,2º Ciclo,Público
id,Colégio de Nossa Senhora da Conceição,Braga,Guimarães,2º Ciclo,Privado
id,Colégio do Ave,Braga,Guimarães,2º Ciclo,Privado
id,"Escola Básica Arquiteto Fernando Távora, Fermentões, Guimarães",Braga,Guimarães,2º Ciclo,Público
id,"Escola Básica D. Afonso Henriques, Creixomil, Guimarães",Braga,Guimarães,2º Ciclo,Público
id,"Escola Básica das Taipas, Caldas das Taipas, Guimarães",Braga,Guimarães,2º Ciclo,Público
id,"Escola Básica de Abação, Guimarães",Braga,Guimarães,2º Ciclo,Público
id,"Escola Básica de Briteiros, Guimarães",Braga,Guimarães,2º Ciclo,Público
id,"Escola Básica de Pevidém, Selho - São Jorge, Guimarães",Braga,Guimarães,2º Ciclo,Público
id,"Escola Básica do Vale de São Torcato, Guimarães",Braga,Guimarães,2º Ciclo,Público
id,"Escola Básica e Secundária Arqueólogo Mário Cardoso, Ponte, Guimarães",Braga,Guimarães,2º Ciclo,Público
id,"Escola Básica e Secundária Santos Simões, Guimarães",Braga,Guimarães,2º Ciclo,Público
id,"Escola Básica Egas Moniz, Guimarães",Braga,Guimarães,2º Ciclo,Público
id,"Escola Básica Gil Vicente, Urgeses, Guimarães",Braga,Guimarães,2º Ciclo,Público
id,"Escola Básica Professor Abel Salazar, Guimarães",Braga,Guimarães,2º Ciclo,Público
id,"Escola Básica Professor João de Meira, Guimarães",Braga,Guimarães,2º Ciclo,Público
id,"Escola Básica Virgínia Moura, Moreira de Cónegos, Guimarães",Braga,Guimarães,2º Ciclo,Público
id,"Escola Básica do Ave, Póvoa de Lanhoso",Braga,Póvoa de Lanhoso,2º Ciclo,Público
id,"Escola Básica Gonçalo Sampaio, Póvoa de Lanhoso",Braga,Póvoa de Lanhoso,2º Ciclo,Público
id,"Escola Básica de Rio Caldo, Terras de Bouro",Braga,Terras de Bouro,2º Ciclo,Público
id,Escola Básica e Secundária de Terras de Bouro,Braga,Terras de Bouro,2º Ciclo,Público
id,"Escola Básica e Secundária Vieira de Araújo, Vieira do Minho",Braga,Vieira do Minho,2º Ciclo,Público
id,Colégio Machado Ruivo - Escolinha de Famalicão,Braga,Vila Nova de Famalicão,2º Ciclo,Privado
id,Colégio Mundos de Vida,Braga,Vila Nova de Famalicão,2º Ciclo,Privado
id,Didáxis - Riba de Ave,Braga,Vila Nova de Famalicão,2º Ciclo,Privado
id,"Escola Básica Bernardino Machado, Joane, Vila Nova de Famalicão",Braga,Vila Nova de Famalicão,2º Ciclo,Público
id,"Escola Básica Conde de Arnoso, Vila Nova de Famalicão",Braga,Vila Nova de Famalicão,2º Ciclo,Público
id,"Escola Básica D. Maria II, Gavião, Vila Nova de Famalicão",Braga,Vila Nova de Famalicão,2º Ciclo,Público
id,"Escola Básica de Gondifelos, Vila Nova de Famalicão",Braga,Vila Nova de Famalicão,2º Ciclo,Público
id,"Escola Básica de Pedome, Vila Nova de Famalicão",Braga,Vila Nova de Famalicão,2º Ciclo,Público
id,"Escola Básica de Ribeirão, Vila Nova de Famalicão",Braga,Vila Nova de Famalicão,2º Ciclo,Público
id,"Escola Básica Dr. Nuno Simões, Calendário, Vila Nova de Famalicão",Braga,Vila Nova de Famalicão,2º Ciclo,Público
id,"Escola Básica Júlio Brandão, Vila Nova de Famalicão",Braga,Vila Nova de Famalicão,2º Ciclo,Público
id,"Escola Básica de Moure e Ribeira do Neiva, Ribeira, Vila Verde",Braga,Vila Verde,2º Ciclo,Público
id,"Escola Básica de Prado, Vila Verde",Braga,Vila Verde,2º Ciclo,Público
id,"Escola Básica de Ribeira do Neiva, Vila Verde",Braga,Vila Verde,2º Ciclo,Público
id,Escola Básica de Vila Verde,Braga,Vila Verde,2º Ciclo,Público
id,"Escola Básica Monsenhor Elísio Araújo, Vila Verde",Braga,Vila Verde,2º Ciclo,Público
id,"Escola Básica de Caldas de Vizela, Vizela",Braga,Vizela,2º Ciclo,Público
id,"Escola Básica e Secundária de S. Bento, Vizela",Braga,Vizela,2º Ciclo,Público
id,Escola Básica e Secundária de Alfândega da Fé,Bragança,Alfândega da Fé,2º Ciclo,Público
id,"Escola Básica Augusto Moreno, Bragança",Bragança,Bragança,2º Ciclo,Público
id,"Escola Básica e Secundária Miguel Torga, Bragança",Bragança,Bragança,2º Ciclo,Público
id,"Escola Básica Paulo Quintela, Bragança",Bragança,Bragança,2º Ciclo,Público
id,Escola Básica e Secundária de Carrazeda de Ansiães,Bragança,Carrazeda de Ansiães,2º Ciclo,Público
id,"Escola Básica Guerra Junqueiro, Freixo de Espada à Cinta",Bragança,Freixo de Espada à Cinta,2º Ciclo,Público
id,Escola Básica e Secundária de Macedo de Cavaleiros,Bragança,Macedo de Cavaleiros,2º Ciclo,Público
id,"Escola Básica de Sendim, Miranda do Douro",Bragança,Miranda do Douro,2º Ciclo,Público
id,Escola Básica e Secundária de Miranda do Douro,Bragança,Miranda do Douro,2º Ciclo,Público
id,"Escola Básica de Torre de Dona Chama, Mirandela",Bragança,Mirandela,2º Ciclo,Público
id,"Escola Básica Luciano Cordeiro, Mirandela",Bragança,Mirandela,2º Ciclo,Público
id,Escola Básica e Secundária do Mogadouro,Bragança,Mogadouro,2º Ciclo,Público
id,"Escola Básica e Secundária Dr. Ramiro Salgado, Torre de Moncorvo",Bragança,Torre de Moncorvo,2º Ciclo,Público
id,Escola Básica e Secundária de Vila Flor,Bragança,Vila Flor,2º Ciclo,Público
id,Escola Básica de Vimioso,Bragança,Vimioso,2º Ciclo,Público
id,"Escola Básica e Secundária D. Afonso III, Vinhais",Bragança,Vinhais,2º Ciclo,Público
id,"Escola Básica e Secundária Pedro Álvares Cabral, Belmonte",Castelo Branco,Belmonte,2º Ciclo,Público
id,"Escola Básica Afonso de Paiva, Castelo Branco",Castelo Branco,Castelo Branco,2º Ciclo,Público
id,Escola Básica Cidade de Castelo Branco,Castelo Branco,Castelo Branco,2º Ciclo,Público
id,"Escola Básica e Secundária de Alcains, Castelo Branco",Castelo Branco,Castelo Branco,2º Ciclo,Público
id,"Escola Básica João Roiz de Castelo Branco, Castelo Branco",Castelo Branco,Castelo Branco,2º Ciclo,Público
id,"Escola Básica Professor Doutor António Sena Faria de Vasconcelos, Castelo Branco",Castelo Branco,Castelo Branco,2º Ciclo,Público
id,Conservatório Regional de Música da Covilhã,Castelo Branco,Covilhã,2º Ciclo,Privado
id,"Escola Básica de São Domingos, Cantar-Galo, Covilhã",Castelo Branco,Covilhã,2º Ciclo,Público
id,"Escola Básica de Tortosendo, Covilhã",Castelo Branco,Covilhã,2º Ciclo,Público
id,"Escola Básica n.º 2 de Paúl, Covilhã",Castelo Branco,Covilhã,2º Ciclo,Público
id,"Escola Básica n.º 2 de Teixoso, Covilhã",Castelo Branco,Covilhã,2º Ciclo,Público
id,"Escola Básica Pêro da Covilhã, Covilhã",Castelo Branco,Covilhã,2º Ciclo,Público
id,"Escola Básica de Silvares, Fundão",Castelo Branco,Fundão,2º Ciclo,Público
id,"Escola Básica João Franco, Fundão",Castelo Branco,Fundão,2º Ciclo,Público
id,"Escola Básica Serra da Gardunha, Fundão",Castelo Branco,Fundão,2º Ciclo,Público
id,"Externato ""Capitão Santiago de Carvalho""",Castelo Branco,Fundão,2º Ciclo,Privado
id,"Escola Básica e Secundária José Silvestre Ribeiro, Idanha-a-Nova",Castelo Branco,Idanha-a-Nova,2º Ciclo,Público
id,"Escola Básica e Secundária Padre António de Andrade, Oleiros",Castelo Branco,Oleiros,2º Ciclo,Público
id,"Escola Básica e Secundária Ribeiro Sanches, Penamacor",Castelo Branco,Penamacor,2º Ciclo,Público
id,"Escola Básica e Secundária Pedro da Fonseca, Proença-a-Nova",Castelo Branco,Proença-a-Nova,2º Ciclo,Público
id,Escola Básica de Sertã,Castelo Branco,Sertã,2º Ciclo,Público
id,"Escola Básica Padre António Lourenço Farinha, Sertã",Castelo Branco,Sertã,2º Ciclo,Público
id,"Instituto ""Vaz Serra""",Castelo Branco,Sertã,2º Ciclo,Privado
id,"Escola Básica e Secundária do Centro de Portugal, Vila de Rei",Castelo Branco,Vila de Rei,2º Ciclo,Público
id,Escola Básica de Vila Velha de Ródão,Castelo Branco,Vila Velha de Ródão,2º Ciclo,Público
id,Escola Básica n.º 2 de Arganil,Coimbra,Arganil,2º Ciclo,Público
id,"Escola Básica Professor Mendes Ferrão, Coja, Arganil",Coimbra,Arganil,2º Ciclo,Público
id,Academia de Música de Cantanhede,Coimbra,Cantanhede,2º Ciclo,Privado
id,"Escola Básica Carlos de Oliveira, Febres, Cantanhede",Coimbra,Cantanhede,2º Ciclo,Público
id,"Escola Básica e Secundária João Garcia Bacelar, Tocha, Cantanhede",Coimbra,Cantanhede,2º Ciclo,Público
id,"Escola Básica Marquês de Marialva, Cantanhede",Coimbra,Cantanhede,2º Ciclo,Público
id,Colégio Bissaya Barreto,Coimbra,Coimbra,2º Ciclo,Privado
id,Colégio da Rainha Stª Isabel,Coimbra,Coimbra,2º Ciclo,Privado
id,Colégio de S. José,Coimbra,Coimbra,2º Ciclo,Privado
id,Colégio de S. Teotónio,Coimbra,Coimbra,2º Ciclo,Privado
id,Colégio Novo de Coimbra,Coimbra,Coimbra,2º Ciclo,Privado
id,"Escola Básica de Ceira, Coimbra",Coimbra,Coimbra,2º Ciclo,Público
id,"Escola Básica Dr.ª Maria Alice Gouveia, Coimbra",Coimbra,Coimbra,2º Ciclo,Público
id,"Escola Básica e Secundária Quinta das Flores, Coimbra",Coimbra,Coimbra,2º Ciclo,Público
id,"Escola Básica Eugénio de Castro, Coimbra",Coimbra,Coimbra,2º Ciclo,Público
id,"Escola Básica Inês de Castro, São Martinho do Bispo, Coimbra",Coimbra,Coimbra,2º Ciclo,Público
id,"Escola Básica Martim de Freitas, Coimbra",Coimbra,Coimbra,2º Ciclo,Público
id,"Escola Básica n.º 2 de São Silvestre, Coimbra",Coimbra,Coimbra,2º Ciclo,Público
id,"Escola Básica n.º 2 de Taveiro, Coimbra",Coimbra,Coimbra,2º Ciclo,Público
id,"Escola Básica Poeta Manuel da Silva Gaio, Santa Clara, Coimbra",Coimbra,Coimbra,2º Ciclo,Público
id,"Escola Básica Rainha Santa Isabel, Pedrulha, Coimbra",Coimbra,Coimbra,2º Ciclo,Público
id,Escola de Música São Teotónio,Coimbra,Coimbra,2º Ciclo,Privado
id,St. Paul’s School,Coimbra,Coimbra,2º Ciclo,Privado
id,Escola Básica n.º 2 de Condeixa-a-Nova,Coimbra,Condeixa-a-Nova,2º Ciclo,Público
id,"Escola Básica Dr. Pedrosa Veríssimo, Paião, Figueira da Foz",Coimbra,Figueira da Foz,2º Ciclo,Público
id,"Escola Básica Infante D. Pedro, Buarcos, Figueira da Foz",Coimbra,Figueira da Foz,2º Ciclo,Público
id,"Escola Básica João de Barros, Figueira da Foz",Coimbra,Figueira da Foz,2º Ciclo,Público
id,"Escola Básica Pintor Mário Augusto, Alhadas, Figueira da Foz",Coimbra,Figueira da Foz,2º Ciclo,Público
id,Escola Básica de Góis,Coimbra,Góis,2º Ciclo,Público
id,Escola Básica n.º 1 de Lousã,Coimbra,Lousã,2º Ciclo,Público
id,Escola Básica n.º 2 de Lousã,Coimbra,Lousã,2º Ciclo,Público
id,Escola Básica de Mira,Coimbra,Mira,2º Ciclo,Público
id,"Escola Básica e Secundária José Falcão, Miranda do Corvo",Coimbra,Miranda do Corvo,2º Ciclo,Público
id,"Escola Básica Professor Doutor Ferrer Correia, Senhor da Serra, Miranda do Corvo",Coimbra,Miranda do Corvo,2º Ciclo,Público
id,"Escola Básica de Arazede, Montemor-o-Velho",Coimbra,Montemor-o-Velho,2º Ciclo,Público
id,"Escola Básica de Pereira, Montemor-o-Velho",Coimbra,Montemor-o-Velho,2º Ciclo,Público
id,"Escola Básica Dr. José dos Santos Bessa, Carapinheira, Montemor-o-Velho",Coimbra,Montemor-o-Velho,2º Ciclo,Público
id,Escola Básica e Secundária de Montemor-o-Velho,Coimbra,Montemor-o-Velho,2º Ciclo,Público
id,"Escola Básica de Cordinha, Oliveira do Hospital",Coimbra,Oliveira do Hospital,2º Ciclo,Público
id,"Escola Básica de Lagares da Beira, Oliveira do Hospital",Coimbra,Oliveira do Hospital,2º Ciclo,Público
id,"Escola Básica de Ponte das Três Entradas, Oliveira do Hospital",Coimbra,Oliveira do Hospital,2º Ciclo,Público
id,Escola Básica n.º 2 de Oliveira do Hospital,Coimbra,Oliveira do Hospital,2º Ciclo,Público
id,"Escola Básica e Secundária Escalada, Pampilhosa da Serra",Coimbra,Pampilhosa da Serra,2º Ciclo,Público
id,"Escola Básica de São Pedro de Alva, Penacova",Coimbra,Penacova,2º Ciclo,Público
id,Escola Básica e Secundária de Penacova,Coimbra,Penacova,2º Ciclo,Público
id,"Escola Básica Infante D. Pedro, Penela",Coimbra,Penela,2º Ciclo,Público
id,Escola Básica de Soure,Coimbra,Soure,2º Ciclo,Público
id,"Instituto ""Pedro Hispano""",Coimbra,Soure,2º Ciclo,Privado
id,"Escola Básica Margarida Fierro Caeiro da Matta, Midões, Tábua",Coimbra,Tábua,2º Ciclo,Público
id,Escola Básica n.º 2 de Tábua,Coimbra,Tábua,2º Ciclo,Público
id,"Escola Básica e Secundária Dr. Daniel de Matos, Vila Nova de Poiares",Coimbra,Vila Nova de Poiares,2º Ciclo,Público
id,"Escola Básica Diogo Lopes Sequeira, Alandroal",Évora,Alandroal,2º Ciclo,Público
id,"Escola Básica e Secundária Cunha Rivara, Arraiolos",Évora,Arraiolos,2º Ciclo,Público
id,"Escola Básica Padre Bento Pereira, Borba",Évora,Borba,2º Ciclo,Público
id,"Escola Básica Sebastião da Gama, Estremoz",Évora,Estremoz,2º Ciclo,Público
id,"Escola Básica André de Resende, Évora",Évora,Évora,2º Ciclo,Público
id,"Escola Básica Conde de Vilalva, Évora",Évora,Évora,2º Ciclo,Público
id,"Escola Básica de Santa Clara, Évora",Évora,Évora,2º Ciclo,Público
id,"Escola Básica Manuel Ferreira Patrício, Évora",Évora,Évora,2º Ciclo,Público
id,Salesianos de Évora - Colégio,Évora,Évora,2º Ciclo,Privado
id,"Escola Básica São João de Deus, Montemor-o-Novo",Évora,Montemor-o-Novo,2º Ciclo,Público
id,Escola Básica e Secundária de Mora,Évora,Mora,2º Ciclo,Público
id,Escola Básica de Mourão,Évora,Mourão,2º Ciclo,Público
id,"Escola Básica e Secundária D. João de Portel, Portel",Évora,Portel,2º Ciclo,Público
id,"Escola Básica e Secundária Dr. Hernâni Cidade, Redondo",Évora,Redondo,2º Ciclo,Público
id,"Escola Básica António Gião, Reguengos de Monsaraz",Évora,Reguengos de Monsaraz,2º Ciclo,Público
id,Colégio de Laura Vicuña,Évora,Vendas Novas,2º Ciclo,Privado
id,Escola Básica n.º 1 de Vendas Novas,Évora,Vendas Novas,2º Ciclo,Público
id,"Escola Básica de Alcáçovas, Viana do Alentejo",Évora,Viana do Alentejo,2º Ciclo,Público
id,"Escola Básica e Secundária Dr. Isidoro de Sousa, Viana do Alentejo",Évora,Viana do Alentejo,2º Ciclo,Público
id,"Escola Básica D. João IV, Vila Viçosa",Évora,Vila Viçosa,2º Ciclo,Público
id,"Escola Básica D. Martim Fernandes, Albufeira",Faro,Albufeira,2º Ciclo,Público
id,"Escola Básica da Guia, Albufeira",Faro,Albufeira,2º Ciclo,Público
id,"Escola Básica de Ferreiras, Albufeira",Faro,Albufeira,2º Ciclo,Público
id,"Escola Básica de Paderne, Albufeira",Faro,Albufeira,2º Ciclo,Público
id,"Escola Básica Dr. Francisco Cabrita, Albufeira",Faro,Albufeira,2º Ciclo,Público
id,"Escola Básica Prof.ª Diamantina Negrão, Albufeira",Faro,Albufeira,2º Ciclo,Público
id,"Escola Básica Prof. Joaquim Moreira, Martinlongo, Alcoutim",Faro,Alcoutim,2º Ciclo,Público
id,"Escola Básica Professora Piedade Matoso, Aljezur",Faro,Aljezur,2º Ciclo,Público
id,Escola Básica de Castro Marim,Faro,Castro Marim,2º Ciclo,Público
id,Colégio de Nossa Senhora do Alto,Faro,Faro,2º Ciclo,Privado
id,"Escola Básica D. Afonso III, Faro",Faro,Faro,2º Ciclo,Público
id,"Escola Básica de Montenegro, Faro",Faro,Faro,2º Ciclo,Público
id,"Escola Básica Dr. Joaquim Rocha Peixoto Magalhães, Faro",Faro,Faro,2º Ciclo,Público
id,"Escola Básica Dr. José de Jesus Neves Júnior, Faro",Faro,Faro,2º Ciclo,Público
id,"Escola Básica Poeta Emiliano da Costa, Estoi, Faro",Faro,Faro,2º Ciclo,Público
id,"Escola Básica Santo António, Faro",Faro,Faro,2º Ciclo,Público
id,"Escola Básica Jacinto Correia, Lagoa",Faro,Lagoa,2º Ciclo,Público
id,"Escola Básica Professor João Cónim, Estômbar, Lagoa",Faro,Lagoa,2º Ciclo,Público
id,"Escola Básica Rio Arade, Parchal, Lagoa",Faro,Lagoa,2º Ciclo,Público
id,NOBEL - International School Algarve,Faro,Lagoa,2º Ciclo,Privado
id,"Escola Básica das Naus, Lagos",Faro,Lagos,2º Ciclo,Público
id,Escola Básica Tecnopolis de Lagos,Faro,Lagos,2º Ciclo,Público
id,Colégio Internacional de Vilamoura,Faro,Loulé,2º Ciclo,Privado
id,"Escola Básica D. Dinis, Quarteira, Loulé",Faro,Loulé,2º Ciclo,Público
id,"Escola Básica Dr. António de Sousa Agostinho, Almancil, Loulé",Faro,Loulé,2º Ciclo,Público
id,"Escola Básica Eng. Duarte Pacheco, Loulé",Faro,Loulé,2º Ciclo,Público
id,"Escola Básica Padre João Coelho Cabanita, Loulé",Faro,Loulé,2º Ciclo,Público
id,"Escola Básica Prof. Dr. Aníbal Cavaco Silva, Boliqueime, Loulé",Faro,Loulé,2º Ciclo,Público
id,"Escola Básica Professor Sebastião José Pires Teixeira, Salir, Loulé",Faro,Loulé,2º Ciclo,Público
id,"Escola Básica São Pedro do Mar, Quarteira, Loulé",Faro,Loulé,2º Ciclo,Público
id,"Escola Básica Manuel do Nascimento, Monchique",Faro,Monchique,2º Ciclo,Público
id,Colégio Bernardette de Jesus Romeira,Faro,Olhão,2º Ciclo,Privado
id,"Escola Básica Dr. Alberto Iria, Olhão",Faro,Olhão,2º Ciclo,Público
id,"Escola Básica Dr. António João Eusébio, Moncarapacho, Olhão",Faro,Olhão,2º Ciclo,Público
id,"Escola Básica e Secundária Dr. João Lúcio, Fuseta, Olhão",Faro,Olhão,2º Ciclo,Público
id,"Escola Básica João da Rosa, Olhão",Faro,Olhão,2º Ciclo,Público
id,"Escola Básica José Carlos da Maia, Olhão",Faro,Olhão,2º Ciclo,Público
id,"Escola Básica Professor Paula Nogueira, Olhão",Faro,Olhão,2º Ciclo,Público
id,"Escola Básica D. João II, Alvor, Portimão",Faro,Portimão,2º Ciclo,Público
id,"Escola Básica D. Martinho de Castelo Branco, Portimão",Faro,Portimão,2º Ciclo,Público
id,"Escola Básica e Secundária da Bemposta, Portimão",Faro,Portimão,2º Ciclo,Público
id,"Escola Básica Eng. Nuno Mergulhão, Portimão",Faro,Portimão,2º Ciclo,Público
id,"Escola Básica José Sobral, Mexilhoeira Grande, Portimão",Faro,Portimão,2º Ciclo,Público
id,"Escola Básica Júdice Fialho, Portimão",Faro,Portimão,2º Ciclo,Público
id,"Escola Básica Prof. José Buísel, Portimão",Faro,Portimão,2º Ciclo,Público
id,"Escola Básica Poeta Bernardo de Passos, São Brás de Alportel",Faro,São Brás de Alportel,2º Ciclo,Público
id,"Escola Básica de Algoz, Silves",Faro,Silves,2º Ciclo,Público
id,"Escola Básica Dr. António da Costa Contreiras, Armação de Pêra, Silves",Faro,Silves,2º Ciclo,Público
id,"Escola Básica Dr. Garcia Domingues, Silves",Faro,Silves,2º Ciclo,Público
id,"Escola Básica João de Deus, São Bartolomeu de Messines, Silves",Faro,Silves,2º Ciclo,Público
id,"Escola Básica D. Manuel I, Tavira",Faro,Tavira,2º Ciclo,Público
id,"Escola Básica D. Paio Peres Correia, Tavira",Faro,Tavira,2º Ciclo,Público
id,"Escola Básica São Vicente, Vila do Bispo",Faro,Vila do Bispo,2º Ciclo,Público
id,"Escola Básica D. José I, Vila Real de Santo António",Faro,Vila Real de Santo António,2º Ciclo,Público
id,"Escola Básica de Monte Gordo, Vila Real de Santo António",Faro,Vila Real de Santo António,2º Ciclo,Público
id,"Escola Básica Infante D. Fernando, Vila Nova de Cacela, Vila Real de Santo António",Faro,Vila Real de Santo António,2º Ciclo,Público
id,"Escola Básica e Secundária Padre José Augusto da Fonseca, Aguiar da Beira",Guarda,Aguiar da Beira,2º Ciclo,Público
id,"Escola Básica e Secundária de Vilar Formoso, Almeida",Guarda,Almeida,2º Ciclo,Público
id,"Escola Básica e Secundária Dr. José Casimiro Matias, Almeida",Guarda,Almeida,2º Ciclo,Público
id,"Escola Básica e Secundária Sacadura Cabral, Celorico da Beira",Guarda,Celorico da Beira,2º Ciclo,Público
id,Escola Básica n.º 2 de Figueira de Castelo Rodrigo,Guarda,Figueira de Castelo Rodrigo,2º Ciclo,Público
id,Escola Básica e Secundária de Fornos de Algodres,Guarda,Fornos de Algodres,2º Ciclo,Público
id,Escola Básica de Gouveia,Guarda,Gouveia,2º Ciclo,Público
id,"Escola Básica de Vila Nova de Tazem, Gouveia",Guarda,Gouveia,2º Ciclo,Público
id,"Escola Básica Carolina Beatriz Ângelo, Guarda",Guarda,Guarda,2º Ciclo,Público
id,"Escola Básica de Santa Clara, Guarda",Guarda,Guarda,2º Ciclo,Público
id,"Escola Básica de São Miguel, Guarda",Guarda,Guarda,2º Ciclo,Público
id,"Escola Básica e Secundária da Sé, Guarda",Guarda,Guarda,2º Ciclo,Público
id,Escola Básica e Secundária de Manteigas,Guarda,Manteigas,2º Ciclo,Público
id,Escola Básica e Secundária de Meda,Guarda,Mêda,2º Ciclo,Público
id,Escola Básica n.º 2 de Pinhel,Guarda,Pinhel,2º Ciclo,Público
id,Escola Básica de Sabugal,Guarda,Sabugal,2º Ciclo,Público
id,"Escola Regional Dr. José Dinis da Fonseca, Cerdeira",Guarda,Sabugal,2º Ciclo,Privado
id,"Escola Básica de Tourais-Paranhos, Seia",Guarda,Seia,2º Ciclo,Público
id,"Escola Básica Dr. Abranches Ferrão, Seia",Guarda,Seia,2º Ciclo,Público
id,"Escola Básica Dr. Guilherme Correia de Carvalho, Seia",Guarda,Seia,2º Ciclo,Público
id,Escola Básica de Trancoso,Guarda,Trancoso,2º Ciclo,Público
id,"Escola Básica de Vila Franca das Naves, Trancoso",Guarda,Trancoso,2º Ciclo,Público
id,"Escola Básica e Secundária Tenente Coronel Adão Carrapatoso, Vila Nova de Foz Côa",Guarda,Vila Nova de Foz Côa,2º Ciclo,Público
id,"Escola Básica da Benedita, Alcobaça",Leiria,Alcobaça,2º Ciclo,Público
id,"Escola Básica de Pataias, Alcobaça",Leiria,Alcobaça,2º Ciclo,Público
id,"Escola Básica e Secundária D. Pedro I, Alcobaça",Leiria,Alcobaça,2º Ciclo,Público
id,"Escola Básica e Secundária de São Martinho do Porto, Alcobaça",Leiria,Alcobaça,2º Ciclo,Público
id,"Escola Básica Frei Estevão Martins, Alcobaça",Leiria,Alcobaça,2º Ciclo,Público
id,"Escola Básica e Secundária Dr. Manuel Ribeiro Ferreira, Alvaiázere",Leiria,Alvaiázere,2º Ciclo,Público
id,"Escola Básica e Secundária Dr. Pascoal José de Mello, Ansião",Leiria,Ansião,2º Ciclo,Público
id,"Escola Básica n.º 2 de Avelar, Ansião",Leiria,Ansião,2º Ciclo,Público
id,Escola Básica e Secundária da Batalha,Leiria,Batalha,2º Ciclo,Público
id,"Escola Básica e Secundária Fernão do Pó, Bombarral",Leiria,Bombarral,2º Ciclo,Público
id,Colégio Frei Cristóvão,Leiria,Caldas da Rainha,2º Ciclo,Privado
id,Colégio Rainha Dona Leonor,Leiria,Caldas da Rainha,2º Ciclo,Privado
id,"Escola Básica D. João II, Caldas da Rainha",Leiria,Caldas da Rainha,2º Ciclo,Público
id,"Escola Básica de Santa Catarina, Caldas da Rainha",Leiria,Caldas da Rainha,2º Ciclo,Público
id,"Escola Básica de Santo Onofre, Caldas da Rainha",Leiria,Caldas da Rainha,2º Ciclo,Público
id,"Escola Básica Dr. Bissaya Barreto, Castanheira de Pêra",Leiria,Castanheira de Pêra,2º Ciclo,Público
id,"Escola Básica José Malhoa, Figueiró dos Vinhos",Leiria,Figueiró dos Vinhos,2º Ciclo,Público
id,Colégio Conciliar de Maria Imaculada,Leiria,Leiria,2º Ciclo,Privado
id,Colégio de Nossa Senhora de Fátima,Leiria,Leiria,2º Ciclo,Privado
id,Colégio Dinis de Melo,Leiria,Leiria,2º Ciclo,Privado
id,Colégio Dr. Luís Pereira da Costa,Leiria,Leiria,2º Ciclo,Privado
id,Colégio Senhor dos Milagres,Leiria,Leiria,2º Ciclo,Privado
id,"Escola Básica D. Dinis, Leiria",Leiria,Leiria,2º Ciclo,Público
id,"Escola Básica de Colmeias, Leiria",Leiria,Leiria,2º Ciclo,Público
id,"Escola Básica de Santa Catarina da Serra, Leiria",Leiria,Leiria,2º Ciclo,Público
id,"Escola Básica Dr. Correia Alexandre, Caranguejeira, Leiria",Leiria,Leiria,2º Ciclo,Público
id,"Escola Básica Dr. Correia Mateus, Leiria",Leiria,Leiria,2º Ciclo,Público
id,"Escola Básica e Secundária Henrique Sommer, Maceira, Leiria",Leiria,Leiria,2º Ciclo,Público
id,"Escola Básica e Secundária Rainha Santa Isabel, Carreira, Leiria",Leiria,Leiria,2º Ciclo,Público
id,"Escola Básica José Saraiva, Leiria",Leiria,Leiria,2º Ciclo,Público
id,"Escola Básica n.º 2 de Marrazes, Leiria",Leiria,Leiria,2º Ciclo,Público
id,"Escola Básica Guilherme Stephens, Marinha Grande",Leiria,Marinha Grande,2º Ciclo,Público
id,"Escola Básica Padre Franklin, Vieira de Leiria, Marinha Grande",Leiria,Marinha Grande,2º Ciclo,Público
id,"Escola Básica Prof. Alberto Nery Capucho, Marinha Grande",Leiria,Marinha Grande,2º Ciclo,Público
id,"Escola Básica e Secundária Amadeu Gaudêncio, Nazaré",Leiria,Nazaré,2º Ciclo,Público
id,Escola Básica de Óbidos,Leiria,Óbidos,2º Ciclo,Público
id,"Escola Básica do Alvito, Óbidos",Leiria,Óbidos,2º Ciclo,Público
id,"Escola Básica do Furadouro, Óbidos",Leiria,Óbidos,2º Ciclo,Público
id,"Escola Básica Miguel Leitão de Andrada, Pedrógão Grande",Leiria,Pedrógão Grande,2º Ciclo,Público
id,"Escola Básica D. Luís de Ataíde, Peniche",Leiria,Peniche,2º Ciclo,Público
id,"Escola Básica de Atouguia da Baleia, Peniche",Leiria,Peniche,2º Ciclo,Público
id,Escola Básica de Peniche,Leiria,Peniche,2º Ciclo,Público
id,"Colégio ""João de Barros""",Leiria,Pombal,2º Ciclo,Privado
id,"Escola Básica e Secundária de Guia, Pombal",Leiria,Pombal,2º Ciclo,Público
id,"Escola Básica Gualdim Pais, Pombal",Leiria,Pombal,2º Ciclo,Público
id,"Escola Básica Marquês de Pombal, Pombal",Leiria,Pombal,2º Ciclo,Público
id,Externato Liceal de Albergaria dos Doze,Leiria,Pombal,2º Ciclo,Privado
id,Instituto D. João V,Leiria,Pombal,2º Ciclo,Privado
id,"Escola Básica Dr. Manuel de Oliveira Perpétua, Porto de Mós",Leiria,Porto de Mós,2º Ciclo,Público
id,"Escola Básica e Secundária de Mira de Aire, Porto de Mós",Leiria,Porto de Mós,2º Ciclo,Público
id,Instituto Educativo do Juncal,Leiria,Porto de Mós,2º Ciclo,Privado
id,"Escola Básica de Abrigada, Alenquer",Lisboa,Alenquer,2º Ciclo,Público
id,"Escola Básica do Carregado, Alenquer",Lisboa,Alenquer,2º Ciclo,Público
id,"Escola Básica Pêro de Alenquer, Alenquer",Lisboa,Alenquer,2º Ciclo,Público
id,"Escola Básica Visconde de Chanceleiros, Merceana, Alenquer",Lisboa,Alenquer,2º Ciclo,Público
id,Colégio D. Filipa,Lisboa,Amadora,2º Ciclo,Privado
id,Colégio de Alfragide,Lisboa,Amadora,2º Ciclo,Privado
id,"Escola Básica Almeida Garrett, Alfragide, Amadora",Lisboa,Amadora,2º Ciclo,Público
id,"Escola Básica Cardoso Lopes, Amadora",Lisboa,Amadora,2º Ciclo,Público
id,"Escola Básica D. Francisco Manuel Melo, Venteira, Amadora",Lisboa,Amadora,2º Ciclo,Público
id,"Escola Básica de Alfornelos, Amadora",Lisboa,Amadora,2º Ciclo,Público
id,"Escola Básica e Secundária D. João V, Damaia, Amadora",Lisboa,Amadora,2º Ciclo,Público
id,"Escola Básica e Secundária de Mães d’Água, Falagueira, Amadora",Lisboa,Amadora,2º Ciclo,Público
id,"Escola Básica e Secundária Dr. Azevedo Neves, Damaia, Amadora",Lisboa,Amadora,2º Ciclo,Público
id,"Escola Básica José Cardoso Pires, São Brás, Amadora",Lisboa,Amadora,2º Ciclo,Público
id,"Escola Básica Miguel Torga, São Brás, Amadora",Lisboa,Amadora,2º Ciclo,Público
id,"Escola Básica Prof. Pedro d’Orey da Cunha, Damaia, Amadora",Lisboa,Amadora,2º Ciclo,Público
id,"Escola Básica Roque Gameiro, Reboleira, Amadora",Lisboa,Amadora,2º Ciclo,Público
id,"Escola Básica Sophia de Mello Breyner Andresen, Brandoa, Amadora",Lisboa,Amadora,2º Ciclo,Público
id,Escola Luis Madureira (Stª Casa Misericórdia da Amadora),Lisboa,Amadora,2º Ciclo,Privado
id,"Externato ""Cinderela""",Lisboa,Amadora,2º Ciclo,Privado
id,"Escola Básica de Arranhó, Arruda dos Vinhos",Lisboa,Arruda dos Vinhos,2º Ciclo,Público
id,Externato João Alberto Faria,Lisboa,Arruda dos Vinhos,2º Ciclo,Privado
id,Escola Básica de Azambuja,Lisboa,Azambuja,2º Ciclo,Público
id,"Escola Básica de Manique do Intendente, Azambuja",Lisboa,Azambuja,2º Ciclo,Público
id,"Escola Básica Vale Aveiras, Aveiras de Cima, Azambuja",Lisboa,Azambuja,2º Ciclo,Público
id,Escola Básica e Secundária do Cadaval,Lisboa,Cadaval,2º Ciclo,Público
id,Associação Escola 31 de Janeiro,Lisboa,Cascais,2º Ciclo,Privado
id,"Colégio ""Quinta do Lago""",Lisboa,Cascais,2º Ciclo,Privado
id,Colégio Amor de Deus,Lisboa,Cascais,2º Ciclo,Privado
id,Colégio da Bafureira,Lisboa,Cascais,2º Ciclo,Privado
id,Colégio da Senhora da Boa Nova,Lisboa,Cascais,2º Ciclo,Privado
id,Colégio Europa,Lisboa,Cascais,2º Ciclo,Privado
id,Colégio Inglês de São Julião - St. Julians School,Lisboa,Cascais,2º Ciclo,Privado
id,Colégio Marista de Carcavelos,Lisboa,Cascais,2º Ciclo,Privado
id,"Escola Básica de Alapraia, Cascais",Lisboa,Cascais,2º Ciclo,Público
id,Escola Básica de Cascais,Lisboa,Cascais,2º Ciclo,Público
id,"Escola Básica de São João do Estoril, Cascais",Lisboa,Cascais,2º Ciclo,Público
id,"Escola Básica e Secundária da Cidadela, Cascais",Lisboa,Cascais,2º Ciclo,Público
id,"Escola Básica e Secundária de Alvide, Cascais",Lisboa,Cascais,2º Ciclo,Público
id,"Escola Básica e Secundária de Carcavelos, Cascais",Lisboa,Cascais,2º Ciclo,Público
id,"Escola Básica e Secundária Frei Gonçalo de Azevedo, São Domingos de Rana, Cascais",Lisboa,Cascais,2º Ciclo,Público
id,"Escola Básica e Secundária Ibn Mucana, Alcabideche, Cascais",Lisboa,Cascais,2º Ciclo,Público
id,"Escola Básica e Secundária Matilde Rosa Araújo, Matarraque, Cascais",Lisboa,Cascais,2º Ciclo,Público
id,"Escola Básica Santo António, Parede, Cascais",Lisboa,Cascais,2º Ciclo,Público
id,Externato de Dona Luísa Sigea,Lisboa,Cascais,2º Ciclo,Privado
id,Externato Nossa Senhora do Rosário,Lisboa,Cascais,2º Ciclo,Privado
id,Os Aprendizes - Laboratório do Conhecimento,Lisboa,Cascais,2º Ciclo,Privado
id,Salesianos de Manique - Escola,Lisboa,Cascais,2º Ciclo,Privado
id,Salesianos do Estoril – Escola,Lisboa,Cascais,2º Ciclo,Privado
id,Academia de Música de Santa Cecília,Lisboa,Lisboa,2º Ciclo,Privado
id,Astória International School - Secção I,Lisboa,Lisboa,2º Ciclo,Privado
id,Centro de Educação e Desenvolvimento D. Maria Pia (Casa Pia),Lisboa,Lisboa,2º Ciclo,Público
id,Centro de Educação e Desenvolvimento D. Nuno Álvares Pereira (Casa Pia),Lisboa,Lisboa,2º Ciclo,Público
id,Centro de Educação e Desenvolvimento Jacob Rodrigues Pereira (Casa Pia),Lisboa,Lisboa,2º Ciclo,Público
id,Centro de Educação e Desenvolvimento Nossa Senhora da Conceição (Casa Pia),Lisboa,Lisboa,2º Ciclo,Público
id,Colégio Académico,Lisboa,Lisboa,2º Ciclo,Privado
id,Colégio As Descobertas,Lisboa,Lisboa,2º Ciclo,Privado
id,Colégio Cesário Verde,Lisboa,Lisboa,2º Ciclo,Privado
id,Colégio de Santa Maria,Lisboa,Lisboa,2º Ciclo,Privado
id,Colégio de São João de Brito,Lisboa,Lisboa,2º Ciclo,Privado
id,Colégio de Stª Doroteia,Lisboa,Lisboa,2º Ciclo,Privado
id,Colégio do Bom Sucesso,Lisboa,Lisboa,2º Ciclo,Privado
id,Colégio do Sagrado Coração de Maria,Lisboa,Lisboa,2º Ciclo,Privado
id,Colégio Eduardo Claparède,Lisboa,Lisboa,2º Ciclo,Privado
id,Colégio Helen Keller,Lisboa,Lisboa,2º Ciclo,Privado
id,Colégio Manuel Bernardes,Lisboa,Lisboa,2º Ciclo,Privado
id,Colégio Militar,Lisboa,Lisboa,2º Ciclo,Público
id,Colégio Mira Rio,Lisboa,Lisboa,2º Ciclo,Privado
id,Colégio Moderno,Lisboa,Lisboa,2º Ciclo,Privado
id,Colégio Pedro Arrupe,Lisboa,Lisboa,2º Ciclo,Privado
id,Colégio Planalto,Lisboa,Lisboa,2º Ciclo,Privado
id,Colégio Saint Daniel Brottier - Secção I,Lisboa,Lisboa,2º Ciclo,Privado
id,Colégio São Tomás - Quinta das Conchas,Lisboa,Lisboa,2º Ciclo,Privado
id,Colégio Valsassina,Lisboa,Lisboa,2º Ciclo,Privado
id,Cooperativa A Torre,Lisboa,Lisboa,2º Ciclo,Privado
id,"Escola ""Pedro Nunes""",Lisboa,Lisboa,2º Ciclo,Privado
id,"Escola Artística de Dança do Conservatório Nacional, Lisboa",Lisboa,Lisboa,2º Ciclo,Público
id,"Escola Artística de Música do Conservatório Nacional, Lisboa",Lisboa,Lisboa,2º Ciclo,Público
id,Escola Avé Maria,Lisboa,Lisboa,2º Ciclo,Privado
id,"Escola Básica Almirante Gago Coutinho, Lisboa",Lisboa,Lisboa,2º Ciclo,Público
id,"Escola Básica da Quinta de Marrocos, Lisboa",Lisboa,Lisboa,2º Ciclo,Público
id,"Escola Básica Damião de Góis, Lisboa",Lisboa,Lisboa,2º Ciclo,Público
id,"Escola Básica das Olaias, Lisboa",Lisboa,Lisboa,2º Ciclo,Público
id,"Escola Básica de Marvila, Lisboa",Lisboa,Lisboa,2º Ciclo,Público
id,"Escola Básica de Piscinas, Lisboa",Lisboa,Lisboa,2º Ciclo,Público
id,"Escola Básica de São Vicente/Telheiras, Lisboa",Lisboa,Lisboa,2º Ciclo,Público
id,"Escola Básica de Telheiras, Lisboa",Lisboa,Lisboa,2º Ciclo,Público
id,"Escola Básica do Alto do Lumiar, Lisboa",Lisboa,Lisboa,2º Ciclo,Público
id,"Escola Básica do Bairro Padre Cruz, Lisboa",Lisboa,Lisboa,2º Ciclo,Público
id,"Escola Básica do Parque das Nações, Lisboa",Lisboa,Lisboa,2º Ciclo,Público
id,"Escola Básica dos Olivais, Lisboa",Lisboa,Lisboa,2º Ciclo,Público
id,"Escola Básica e Secundária D. Filipa de Lencastre, Lisboa",Lisboa,Lisboa,2º Ciclo,Público
id,"Escola Básica e Secundária Gil Vicente, Lisboa",Lisboa,Lisboa,2º Ciclo,Público
id,"Escola Básica e Secundária Josefa de Óbidos, Lisboa",Lisboa,Lisboa,2º Ciclo,Público
id,"Escola Básica e Secundária Luís António Verney, Lisboa",Lisboa,Lisboa,2º Ciclo,Público
id,"Escola Básica e Secundária Passos Manuel, Lisboa",Lisboa,Lisboa,2º Ciclo,Público
id,"Escola Básica Eugénio dos Santos, Lisboa",Lisboa,Lisboa,2º Ciclo,Público
id,"Escola Básica Fernando Pessoa, Lisboa",Lisboa,Lisboa,2º Ciclo,Público
id,"Escola Básica Francisco de Arruda, Lisboa",Lisboa,Lisboa,2º Ciclo,Público
id,"Escola Básica Luís de Camões, Lisboa",Lisboa,Lisboa,2º Ciclo,Público
id,"Escola Básica Manuel da Maia, Lisboa",Lisboa,Lisboa,2º Ciclo,Público
id,"Escola Básica Marquesa de Alorna, Lisboa",Lisboa,Lisboa,2º Ciclo,Público
id,"Escola Básica Nuno Gonçalves, Lisboa",Lisboa,Lisboa,2º Ciclo,Público
id,"Escola Básica Patrício Prazeres, Lisboa",Lisboa,Lisboa,2º Ciclo,Público
id,"Escola Básica Paula Vicente, Lisboa",Lisboa,Lisboa,2º Ciclo,Público
id,"Escola Básica Pedro de Santarém, Lisboa",Lisboa,Lisboa,2º Ciclo,Público
id,"Escola Básica Pintor Almada Negreiros, Lisboa",Lisboa,Lisboa,2º Ciclo,Público
id,"Escola Básica Prof. Delfim Santos, Lisboa",Lisboa,Lisboa,2º Ciclo,Público
id,"Escola Básica Professor Lindley Cintra, Lisboa",Lisboa,Lisboa,2º Ciclo,Público
id,"Escola Básica Vasco da Gama, Lisboa",Lisboa,Lisboa,2º Ciclo,Público
id,Escola do Grémio de Instrução Liberal de Campo de Ourique,Lisboa,Lisboa,2º Ciclo,Privado
id,Escola Privativa n.º 1 de A Voz do Operário,Lisboa,Lisboa,2º Ciclo,Privado
id,Escola Raiz,Lisboa,Lisboa,2º Ciclo,Privado
id,"Escola Secundária Fonseca Benevides, Lisboa",Lisboa,Lisboa,2º Ciclo,Público
id,"Externato ""João XXIII""",Lisboa,Lisboa,2º Ciclo,Privado
id,"Externato ""S. Miguel Arcanjo""",Lisboa,Lisboa,2º Ciclo,Privado
id,Externato As Descobertas,Lisboa,Lisboa,2º Ciclo,Privado
id,Externato da Luz,Lisboa,Lisboa,2º Ciclo,Privado
id,Externato de S. José,Lisboa,Lisboa,2º Ciclo,Privado
id,Externato Educação Popular,Lisboa,Lisboa,2º Ciclo,Privado
id,Externato Liceal das Casas de S. Vicente de Paulo,Lisboa,Lisboa,2º Ciclo,Privado
id,Externato Marcelino Champagnat,Lisboa,Lisboa,2º Ciclo,Privado
id,Externato Marista de Lisboa,Lisboa,Lisboa,2º Ciclo,Privado
id,Instituto Militar dos Pupilos do Exército,Lisboa,Lisboa,2º Ciclo,Público
id,Real Colégio de Portugal,Lisboa,Lisboa,2º Ciclo,Privado
id,Redbridge School,Lisboa,Lisboa,2º Ciclo,Privado
id,Salesianos de Lisboa - Colégio Oficinas de São José,Lisboa,Lisboa,2º Ciclo,Privado
id,Secção do Externato Alfredo Binet,Lisboa,Lisboa,2º Ciclo,Privado
id,Colégio Bartolomeu Dias,Lisboa,Loures,2º Ciclo,Privado
id,Colégio Integrado Monte Maior,Lisboa,Loures,2º Ciclo,Privado
id,Colégio Oriente,Lisboa,Loures,2º Ciclo,Privado
id,"Escola Básica Bartolomeu Dias, Sacavém, Loures",Lisboa,Loures,2º Ciclo,Público
id,"Escola Básica da Bobadela, Loures",Lisboa,Loures,2º Ciclo,Público
id,"Escola Básica de Apelação, Loures",Lisboa,Loures,2º Ciclo,Público
id,"Escola Básica de Bucelas, Loures",Lisboa,Loures,2º Ciclo,Público
id,"Escola Básica de Camarate, Loures",Lisboa,Loures,2º Ciclo,Público
id,"Escola Básica de Santa Iria de Azoia, Loures",Lisboa,Loures,2º Ciclo,Público
id,"Escola Básica de São João da Talha, Bairro do Estacal Novo, Loures",Lisboa,Loures,2º Ciclo,Público
id,"Escola Básica do Catujal, Loures",Lisboa,Loures,2º Ciclo,Público
id,"Escola Básica Gaspar Correia, Portela, Loures",Lisboa,Loures,2º Ciclo,Público
id,"Escola Básica General Humberto Delgado, Santo António dos Cavaleiros, Loures",Lisboa,Loures,2º Ciclo,Público
id,"Escola Básica João Villaret, Loures",Lisboa,Loures,2º Ciclo,Público
id,"Escola Básica Luís de Sttau Monteiro, Loures",Lisboa,Loures,2º Ciclo,Público
id,"Escola Básica Maria Veleda, Loures",Lisboa,Loures,2º Ciclo,Público
id,"Escola Básica de Ribamar, Lourinhã",Lisboa,Lourinhã,2º Ciclo,Público
id,"Escola Básica Dr. Afonso Rodrigues Pereira, Lourinhã",Lisboa,Lourinhã,2º Ciclo,Público
id,"Escola Básica Dr. João das Regras, Lourinhã",Lisboa,Lourinhã,2º Ciclo,Público
id,Colégio Miramar,Lisboa,Mafra,2º Ciclo,Privado
id,Colégio Santo André,Lisboa,Mafra,2º Ciclo,Privado
id,Colégio Verde Água,Lisboa,Mafra,2º Ciclo,Privado
id,"Escola Básica da Venda do Pinheiro, Mafra",Lisboa,Mafra,2º Ciclo,Público
id,Escola Básica de Mafra,Lisboa,Mafra,2º Ciclo,Público
id,"Escola Básica e Secundária António Bento Franco, Ericeira, Mafra",Lisboa,Mafra,2º Ciclo,Público
id,"Escola Básica e Secundária Professor Armando de Lucena, Malveira, Mafra",Lisboa,Mafra,2º Ciclo,Público
id,"Escola Básica António Gedeão, Odivelas",Lisboa,Odivelas,2º Ciclo,Público
id,"Escola Básica Avelar Brotero, Odivelas",Lisboa,Odivelas,2º Ciclo,Público
id,"Escola Básica Carlos Paredes, Póvoa de Santo Adrião, Odivelas",Lisboa,Odivelas,2º Ciclo,Público
id,"Escola Básica D. Dinis, Odivelas",Lisboa,Odivelas,2º Ciclo,Público
id,"Escola Básica da Pontinha, Odivelas",Lisboa,Odivelas,2º Ciclo,Público
id,"Escola Básica de Castanheiros, Caneças, Odivelas",Lisboa,Odivelas,2º Ciclo,Público
id,"Escola Básica de Moinhos da Arroja, Odivelas",Lisboa,Odivelas,2º Ciclo,Público
id,"Escola Básica Vasco Santana, Ramada, Odivelas",Lisboa,Odivelas,2º Ciclo,Público
id,Externato Flor do Campo,Lisboa,Odivelas,2º Ciclo,Privado
id,Instituto de Ciências Educativas,Lisboa,Odivelas,2º Ciclo,Privado
id,Academia São Miguel dos Arcos,Lisboa,Oeiras,2º Ciclo,Privado
id,Colégio da Torre,Lisboa,Oeiras,2º Ciclo,Privado
id,"Escola Básica Conde de Oeiras, Oeiras",Lisboa,Oeiras,2º Ciclo,Público
id,"Escola Básica de Miraflores, Algés, Oeiras",Lisboa,Oeiras,2º Ciclo,Público
id,"Escola Básica de São Bruno, Caxias, Oeiras",Lisboa,Oeiras,2º Ciclo,Público
id,"Escola Básica de São Julião da Barra, Oeiras",Lisboa,Oeiras,2º Ciclo,Público
id,"Escola Básica Dr. Joaquim de Barros, Paço de Arcos, Oeiras",Lisboa,Oeiras,2º Ciclo,Público
id,"Escola Básica e Secundária Aquilino Ribeiro, Leião, Oeiras",Lisboa,Oeiras,2º Ciclo,Público
id,"Escola Básica João Gonçalves Zarco, Cruz Quebrada-Dafundo, Oeiras",Lisboa,Oeiras,2º Ciclo,Público
id,"Escola Básica Professor Noronha Feio, Queijas, Oeiras",Lisboa,Oeiras,2º Ciclo,Público
id,"Escola Básica Sophia de Mello Breyner, Portela, Oeiras",Lisboa,Oeiras,2º Ciclo,Público
id,"Escola Básica Vieira da Silva, Carnaxide, Oeiras",Lisboa,Oeiras,2º Ciclo,Público
id,"Externato ""Padre António Vieira""",Lisboa,Oeiras,2º Ciclo,Privado
id,Colégio A Quinta de Sintra,Lisboa,Sintra,2º Ciclo,Privado
id,Colégio de São José - Ramalhão,Lisboa,Sintra,2º Ciclo,Privado
id,Colégio dos Plátanos,Lisboa,Sintra,2º Ciclo,Privado
id,Colégio Mem Martins,Lisboa,Sintra,2º Ciclo,Privado
id,Colégio Vasco da Gama,Lisboa,Sintra,2º Ciclo,Privado
id,"Escola Básica António Sérgio, Cacém, Sintra",Lisboa,Sintra,2º Ciclo,Público
id,"Escola Básica D. Carlos I, Sintra",Lisboa,Sintra,2º Ciclo,Público
id,"Escola Básica D. Domingos Jardo, Mira Sintra, Sintra",Lisboa,Sintra,2º Ciclo,Público
id,"Escola Básica D. Fernando II, Sintra",Lisboa,Sintra,2º Ciclo,Público
id,"Escola Básica D. Pedro IV, Monte Abraão, Sintra",Lisboa,Sintra,2º Ciclo,Público
id,"Escola Básica de Colares, Sintra",Lisboa,Sintra,2º Ciclo,Público
id,"Escola Básica e Secundária Alfredo da Silva, Albarraque, Sintra",Lisboa,Sintra,2º Ciclo,Público
id,"Escola Básica e Secundária do Alto dos Moinhos, Terrugem, Sintra",Lisboa,Sintra,2º Ciclo,Público
id,"Escola Básica e Secundária Dr. Rui Grácio, Montelavar, Sintra",Lisboa,Sintra,2º Ciclo,Público
id,"Escola Básica e Secundária Gama Barros, Cacém, Sintra",Lisboa,Sintra,2º Ciclo,Público
id,"Escola Básica e Secundária Mestre Domingos Saraiva, Algueirão, Sintra",Lisboa,Sintra,2º Ciclo,Público
id,"Escola Básica e Secundária Padre Alberto Neto, Queluz, Sintra",Lisboa,Sintra,2º Ciclo,Público
id,"Escola Básica e Secundária Rainha D. Leonor de Lencastre, São Marcos, Sintra",Lisboa,Sintra,2º Ciclo,Público
id,"Escola Básica Escultor Francisco dos Santos, Fitares, Sintra",Lisboa,Sintra,2º Ciclo,Público
id,"Escola Básica Ferreira de Castro, Ouressa, Sintra",Lisboa,Sintra,2º Ciclo,Público
id,"Escola Básica Maria Alberta Menéres, Tapada das Mercês, Sintra",Lisboa,Sintra,2º Ciclo,Público
id,"Escola Básica Padre Alberto Neto, Rio de Mouro, Sintra",Lisboa,Sintra,2º Ciclo,Público
id,"Escola Básica Professor Agostinho da Silva, Casal de Cambra, Sintra",Lisboa,Sintra,2º Ciclo,Público
id,"Escola Básica Professor Egas Moniz, Massamá, Sintra",Lisboa,Sintra,2º Ciclo,Público
id,"Escola Básica Professor Galopim de Carvalho, Pendão, Sintra",Lisboa,Sintra,2º Ciclo,Público
id,"Escola Básica Ruy Belo, Queluz, Sintra",Lisboa,Sintra,2º Ciclo,Público
id,"Escola Básica Visconde de Juromenha, Mem Martins, Sintra",Lisboa,Sintra,2º Ciclo,Público
id,"Escola Básica e Secundária Joaquim Inácio da Cruz Sobral, Sobral de Monte Agraço",Lisboa,Sobral de Monte Agraço,2º Ciclo,Público
id,"Escola Básica de Freiria, Torres Vedras",Lisboa,Torres Vedras,2º Ciclo,Público
id,"Escola Básica do Maxial, Torres Vedras",Lisboa,Torres Vedras,2º Ciclo,Público
id,"Escola Básica Gaspar Campello, Torres Vedras",Lisboa,Torres Vedras,2º Ciclo,Público
id,"Escola Básica Padre Francisco Soares, Torres Vedras",Lisboa,Torres Vedras,2º Ciclo,Público
id,"Escola Básica Padre Vítor Melícias, Torres Vedras",Lisboa,Torres Vedras,2º Ciclo,Público
id,"Escola Básica São Gonçalo, Torres Vedras",Lisboa,Torres Vedras,2º Ciclo,Público
id,Escola Internacional de Torres Vedras,Lisboa,Torres Vedras,2º Ciclo,Privado
id,Externato de Penafirme,Lisboa,Torres Vedras,2º Ciclo,Privado
id,Mundo da Criança,Lisboa,Torres Vedras,2º Ciclo,Privado
id,Colégio José Álvaro Vidal,Lisboa,Vila Franca de Xira,2º Ciclo,Privado
id,"Escola Básica Aristides de Sousa Mendes, Póvoa de Santa Iria, Vila Franca de Xira",Lisboa,Vila Franca de Xira,2º Ciclo,Público
id,"Escola Básica D. António de Ataíde, Castanheira do Ribatejo, Vila Franca de Xira",Lisboa,Vila Franca de Xira,2º Ciclo,Público
id,"Escola Básica do Bom Sucesso, Alverca do Ribatejo, Vila Franca de Xira",Lisboa,Vila Franca de Xira,2º Ciclo,Público
id,"Escola Básica Dr. Vasco Moniz, Vila Franca de Xira",Lisboa,Vila Franca de Xira,2º Ciclo,Público
id,"Escola Básica e Secundária de Vialonga, Vila Franca de Xira",Lisboa,Vila Franca de Xira,2º Ciclo,Público
id,"Escola Básica e Secundária Professor Reynaldo dos Santos, Vila Franca de Xira",Lisboa,Vila Franca de Xira,2º Ciclo,Público
id,"Escola Básica Padre José Rota, Forte da Casa, Vila Franca de Xira",Lisboa,Vila Franca de Xira,2º Ciclo,Público
id,"Escola Básica Pedro Jacques de Magalhães, Alverca do Ribatejo, Vila Franca de Xira",Lisboa,Vila Franca de Xira,2º Ciclo,Público
id,"Escola Básica Soeiro Pereira Gomes, Alhandra, Vila Franca de Xira",Lisboa,Vila Franca de Xira,2º Ciclo,Público
id,Jardim do Monte,Lisboa,Vila Franca de Xira,2º Ciclo,Privado
id,"Escola Básica e Secundária Padre José Agostinho Rodrigues, Alter do Chão",Portalegre,Alter do Chão,2º Ciclo,Público
id,"Escola Básica e Secundária Nossa Senhora da Luz, Arronches",Portalegre,Arronches,2º Ciclo,Público
id,"Escola Básica Mestre de Avis, Avis",Portalegre,Avis,2º Ciclo,Público
id,"Escola Básica São João Batista, Campo Maior",Portalegre,Campo Maior,2º Ciclo,Público
id,"Escola Básica Garcia da Orta, Castelo de Vide",Portalegre,Castelo de Vide,2º Ciclo,Público
id,"Escola Básica Ana Maria Ferreira Gordo, Crato",Portalegre,Crato,2º Ciclo,Público
id,Colégio Luso-Britânico,Portalegre,Elvas,2º Ciclo,Privado
id,"Escola Básica de Vila Boim, Elvas",Portalegre,Elvas,2º Ciclo,Público
id,Escola Básica n.º 1 de Elvas,Portalegre,Elvas,2º Ciclo,Público
id,Escola Básica n.º 2 de Elvas,Portalegre,Elvas,2º Ciclo,Público
id,"Escola Básica Frei Manuel Cardoso, Fronteira",Portalegre,Fronteira,2º Ciclo,Público
id,Escola Básica e Secundária de Gavião,Portalegre,Gavião,2º Ciclo,Público
id,"Escola Básica de Ammaia, Portagem, Marvão",Portalegre,Marvão,2º Ciclo,Público
id,Escola Básica n.º 1 de Monforte,Portalegre,Monforte,2º Ciclo,Público
id,"Escola Básica e Secundária Prof. Mendes dos Remédios, Nisa",Portalegre,Nisa,2º Ciclo,Público
id,"Escola Básica João Pedro de Andrade, Ponte de Sor",Portalegre,Ponte de Sor,2º Ciclo,Público
id,"Escola Básica n.º 1 de Montargil, Ponte de Sor",Portalegre,Ponte de Sor,2º Ciclo,Público
id,"Escola Básica Cristóvão Falcão, Portalegre",Portalegre,Portalegre,2º Ciclo,Público
id,"Escola Básica José Régio, Portalegre",Portalegre,Portalegre,2º Ciclo,Público
id,"Escola Básica e Secundária Padre Joaquim Maria Fernandes, Sousel",Portalegre,Sousel,2º Ciclo,Público
id,Colégio de S. Gonçalo de Amarante - Escola Católica,Porto,Amarante,2º Ciclo,Privado
id,"Escola Básica Amadeo de Souza Cardoso, Telões, Amarante",Porto,Amarante,2º Ciclo,Público
id,"Escola Básica de Vila Caiz, Amarante",Porto,Amarante,2º Ciclo,Público
id,"Escola Básica do Marão, Várzea, Amarante",Porto,Amarante,2º Ciclo,Público
id,"Escola Básica Teixeira de Pascoaes, Amarante",Porto,Amarante,2º Ciclo,Público
id,Externato de Vila Meã,Porto,Amarante,2º Ciclo,Privado
id,"Escola Básica de Eiriz, Baião",Porto,Baião,2º Ciclo,Público
id,Escola Básica do Sudeste de Baião,Porto,Baião,2º Ciclo,Público
id,"Escola Básica e Secundária de Vale de Ovil, Baião",Porto,Baião,2º Ciclo,Público
id,"Escola Básica D. Manuel de Faria e Sousa, Margaride, Felgueiras",Porto,Felgueiras,2º Ciclo,Público
id,"Escola Básica de Lagares, Felgueiras",Porto,Felgueiras,2º Ciclo,Público
id,"Escola Básica Dr. Leonardo Coimbra, Lixa, Felgueiras",Porto,Felgueiras,2º Ciclo,Público
id,"Escola Básica e Secundária de Airães, Felgueiras",Porto,Felgueiras,2º Ciclo,Público
id,"Escola Básica e Secundária de Idães, Felgueiras",Porto,Felgueiras,2º Ciclo,Público
id,"Escola Básica e Secundária Dr. Machado de Matos, Felgueiras",Porto,Felgueiras,2º Ciclo,Público
id,Colégio Paulo VI de Gondomar,Porto,Gondomar,2º Ciclo,Privado
id,"Escola Básica de Jovim e Foz do Sousa, Gondomar",Porto,Gondomar,2º Ciclo,Público
id,"Escola Básica de Rio Tinto, Gondomar",Porto,Gondomar,2º Ciclo,Público
id,"Escola Básica de São Pedro da Cova, Gondomar",Porto,Gondomar,2º Ciclo,Público
id,"Escola Básica e Secundária À Beira Douro, Gondomar",Porto,Gondomar,2º Ciclo,Público
id,"Escola Básica Frei Manuel de Santa Inês, Baguim do Monte, Gondomar",Porto,Gondomar,2º Ciclo,Público
id,"Escola Básica Infanta D. Mafalda, Rio Tinto, Gondomar",Porto,Gondomar,2º Ciclo,Público
id,"Escola Básica Júlio Dinis, Gondomar",Porto,Gondomar,2º Ciclo,Público
id,"Escola Básica Marques Leitão, Valbom, Gondomar",Porto,Gondomar,2º Ciclo,Público
id,"Escola Básica Santa Bárbara, Fânzeres, Gondomar",Porto,Gondomar,2º Ciclo,Público
id,Externato Camões,Porto,Gondomar,2º Ciclo,Privado
id,"Jardim Infantil ""Carrocel Mágico""",Porto,Gondomar,2º Ciclo,Privado
id,Colégio de S. José de Bairros,Porto,Lousada,2º Ciclo,Privado
id,Escola Básica de Lousada Centro,Porto,Lousada,2º Ciclo,Público
id,Escola Básica de Lousada Este,Porto,Lousada,2º Ciclo,Público
id,Escola Básica e Secundária de Lousada Norte,Porto,Lousada,2º Ciclo,Público
id,Escola Básica e Secundária de Lousada Oeste,Porto,Lousada,2º Ciclo,Público
id,"Escola Básica e Secundária Dr. Mário Fonseca, Nogueira, Lousada",Porto,Lousada,2º Ciclo,Público
id,Externato Senhora do Carmo,Porto,Lousada,2º Ciclo,Privado
id,Colégio CCG,Porto,Maia,2º Ciclo,Privado
id,Colégio Novo da Maia,Porto,Maia,2º Ciclo,Privado
id,"Escola Básica de Gueifães, Maia",Porto,Maia,2º Ciclo,Público
id,"Escola Básica do Castêlo da Maia, Maia",Porto,Maia,2º Ciclo,Público
id,"Escola Básica e Secundária de Águas Santas, Maia",Porto,Maia,2º Ciclo,Público
id,"Escola Básica e Secundária de Pedrouços, Maia",Porto,Maia,2º Ciclo,Público
id,"Escola Básica e Secundária do Levante da Maia, Nogueira da Maia, Maia",Porto,Maia,2º Ciclo,Público
id,"Escola Básica e Secundária Dr. Vieira de Carvalho, Moreira da Maia, Maia",Porto,Maia,2º Ciclo,Público
id,"Escola Básica Gonçalo Mendes da Maia, Vermoim, Maia",Porto,Maia,2º Ciclo,Público
id,Externato Patronato Imaculada Conceição,Porto,Maia,2º Ciclo,Privado
id,"Escola Básica Carmen Miranda, Marco de Canaveses",Porto,Marco de Canaveses,2º Ciclo,Público
id,"Escola Básica de Alpendurada, Marco de Canaveses",Porto,Marco de Canaveses,2º Ciclo,Público
id,"Escola Básica de Sande, Marco de Canaveses",Porto,Marco de Canaveses,2º Ciclo,Público
id,"Escola Básica de Toutosa, Marco de Canaveses",Porto,Marco de Canaveses,2º Ciclo,Público
id,Colégio Efanor,Porto,Matosinhos,2º Ciclo,Privado
id,"Escola Básica da Barranha, Senhora da Hora, Matosinhos",Porto,Matosinhos,2º Ciclo,Público
id,"Escola Básica da Senhora da Hora, Matosinhos",Porto,Matosinhos,2º Ciclo,Público
id,"Escola Básica de Custóias, Matosinhos",Porto,Matosinhos,2º Ciclo,Público
id,"Escola Básica de Leça do Balio, Matosinhos",Porto,Matosinhos,2º Ciclo,Público
id,Escola Básica de Matosinhos,Porto,Matosinhos,2º Ciclo,Público
id,"Escola Básica de Perafita, Matosinhos",Porto,Matosinhos,2º Ciclo,Público
id,"Escola Básica Dr. José Domingues dos Santos, Cabanelas, Matosinhos",Porto,Matosinhos,2º Ciclo,Público
id,"Escola Básica e Secundária de Padrão da Légua, Matosinhos",Porto,Matosinhos,2º Ciclo,Público
id,"Escola Básica Eng. Fernando Pinto de Oliveira, Leça da Palmeira, Matosinhos",Porto,Matosinhos,2º Ciclo,Público
id,"Escola Básica Irmãos Passos, Guifões, Matosinhos",Porto,Matosinhos,2º Ciclo,Público
id,"Escola Básica Maria Manuela Sá, São Mamede de Infesta, Matosinhos",Porto,Matosinhos,2º Ciclo,Público
id,"Escola Básica Professor Óscar Lopes, Matosinhos",Porto,Matosinhos,2º Ciclo,Público
id,Externato António Nobre,Porto,Matosinhos,2º Ciclo,Privado
id,Colégio Marca d´Água,Porto,Paços de Ferreira,2º Ciclo,Privado
id,Colégio Nova Encosta,Porto,Paços de Ferreira,2º Ciclo,Privado
id,"Escola Básica de Eiriz, Paços de Ferreira",Porto,Paços de Ferreira,2º Ciclo,Público
id,"Escola Básica de Frazão, Paços de Ferreira",Porto,Paços de Ferreira,2º Ciclo,Público
id,Escola Básica de Paços de Ferreira,Porto,Paços de Ferreira,2º Ciclo,Público
id,"Escola Básica e Secundária Dr. Manuel Pinto de Vasconcelos, Freamunde, Paços de Ferreira",Porto,Paços de Ferreira,2º Ciclo,Público
id,"Colégio ""Casa Mãe""",Porto,Paredes,2º Ciclo,Privado
id,"Escola Básica de Baltar, Paredes",Porto,Paredes,2º Ciclo,Público
id,"Escola Básica e Secundária de Cristelo, Paredes",Porto,Paredes,2º Ciclo,Público
id,"Escola Básica e Secundária de Lordelo, Paredes",Porto,Paredes,2º Ciclo,Público
id,Escola Básica e Secundária de Paredes,Porto,Paredes,2º Ciclo,Público
id,"Escola Básica e Secundária de Rebordosa, Paredes",Porto,Paredes,2º Ciclo,Público
id,"Escola Básica e Secundária de Sobreira, Paredes",Porto,Paredes,2º Ciclo,Público
id,"Escola Básica e Secundária de Vilela, Paredes",Porto,Paredes,2º Ciclo,Público
id,"Escola Básica D. António Ferreira Gomes, Milhundos, Penafiel",Porto,Penafiel,2º Ciclo,Público
id,"Escola Básica de Paço de Sousa, Penafiel",Porto,Penafiel,2º Ciclo,Público
id,Escola Básica de Penafiel Sudeste,Porto,Penafiel,2º Ciclo,Público
id,Escola Básica de Penafiel Sul,Porto,Penafiel,2º Ciclo,Público
id,"Escola Básica e Secundária de Pinheiro, Penafiel",Porto,Penafiel,2º Ciclo,Público
id,Academia de Música de Costa Cabral,Porto,Porto,2º Ciclo,Privado
id,"Colégio ""Júlio Dinis""",Porto,Porto,2º Ciclo,Privado
id,"Colégio ""Luso Francês""",Porto,Porto,2º Ciclo,Privado
id,"Colégio ""Nossa Senhora do Rosário""",Porto,Porto,2º Ciclo,Privado
id,Colégio CEBES,Porto,Porto,2º Ciclo,Privado
id,Colégio de Nossa Senhora da Esperança,Porto,Porto,2º Ciclo,Privado
id,Colégio de Nossa Senhora da Paz,Porto,Porto,2º Ciclo,Privado
id,Colégio de Nossa Senhora de Lurdes,Porto,Porto,2º Ciclo,Privado
id,Colégio INED - Polo I,Porto,Porto,2º Ciclo,Privado
id,Escola Artística do Conservatório de Música do Porto,Porto,Porto,2º Ciclo,Público
id,"Escola Básica Augusto Gil, Porto",Porto,Porto,2º Ciclo,Público
id,"Escola Básica da Areosa, Porto",Porto,Porto,2º Ciclo,Público
id,"Escola Básica do Viso, Porto",Porto,Porto,2º Ciclo,Público
id,"Escola Básica e Secundária Carolina Michaëlis, Porto",Porto,Porto,2º Ciclo,Público
id,"Escola Básica e Secundária Clara de Resende, Porto",Porto,Porto,2º Ciclo,Público
id,"Escola Básica e Secundária de Miragaia, Porto",Porto,Porto,2º Ciclo,Público
id,"Escola Básica e Secundária do Cerco do Porto, Porto",Porto,Porto,2º Ciclo,Público
id,"Escola Básica e Secundária Fontes Pereira de Melo, Porto",Porto,Porto,2º Ciclo,Público
id,"Escola Básica e Secundária Leonardo Coimbra - Filho, Porto",Porto,Porto,2º Ciclo,Público
id,"Escola Básica e Secundária Maria Lamas, Porto",Porto,Porto,2º Ciclo,Público
id,"Escola Básica e Secundária Rodrigues de Freitas, Porto",Porto,Porto,2º Ciclo,Público
id,"Escola Básica Eugénio de Andrade, Porto",Porto,Porto,2º Ciclo,Público
id,"Escola Básica Francisco Torrinha, Porto",Porto,Porto,2º Ciclo,Público
id,"Escola Básica Gomes Teixeira, Porto",Porto,Porto,2º Ciclo,Público
id,"Escola Básica Irene Lisboa, Porto",Porto,Porto,2º Ciclo,Público
id,"Escola Básica Manoel de Oliveira, Porto",Porto,Porto,2º Ciclo,Público
id,"Escola Básica Nicolau Nasoni, Porto",Porto,Porto,2º Ciclo,Público
id,"Escola Básica Pêro Vaz de Caminha, Porto",Porto,Porto,2º Ciclo,Público
id,"Escola Básica Ramalho Ortigão, Porto",Porto,Porto,2º Ciclo,Público
id,"Externato ""Nossa Senhora do Perpétuo Socorro""",Porto,Porto,2º Ciclo,Privado
id,"Externato ""Ribadouro""",Porto,Porto,2º Ciclo,Privado
id,Externato das Escravas do Sagrado Coração de Jesus,Porto,Porto,2º Ciclo,Privado
id,"Grande Colégio ""Universal""",Porto,Porto,2º Ciclo,Privado
id,Salesianos do Porto - Colégio,Porto,Porto,2º Ciclo,Privado
id,Colégio de Amorim,Porto,Póvoa de Varzim,2º Ciclo,Privado
id,"Escola Básica Cego do Maio, Póvoa de Varzim",Porto,Póvoa de Varzim,2º Ciclo,Público
id,"Escola Básica de Aver-o-Mar, Póvoa de Varzim",Porto,Póvoa de Varzim,2º Ciclo,Público
id,"Escola Básica de Rates, Póvoa de Varzim",Porto,Póvoa de Varzim,2º Ciclo,Público
id,"Escola Básica Dr. Flávio Gonçalves, Póvoa de Varzim",Porto,Póvoa de Varzim,2º Ciclo,Público
id,"Escola Básica e Secundária Campo Aberto, Beiriz, Póvoa de Varzim",Porto,Póvoa de Varzim,2º Ciclo,Público
id,"Colégio ""Santa Teresa de Jesus""",Porto,Santo Tirso,2º Ciclo,Privado
id,Colégio de Lourdes,Porto,Santo Tirso,2º Ciclo,Privado
id,"Escola Básica Ave, Vila das Aves, Santo Tirso",Porto,Santo Tirso,2º Ciclo,Público
id,"Escola Básica da Agrela e Vale do Leça, Santo Tirso",Porto,Santo Tirso,2º Ciclo,Público
id,"Escola Básica da Ponte, Vila das Aves, Santo Tirso",Porto,Santo Tirso,2º Ciclo,Público
id,"Escola Básica de S. Tomé de Negrelos, Santo Tirso",Porto,Santo Tirso,2º Ciclo,Público
id,Escola Básica de Santo Tirso,Porto,Santo Tirso,2º Ciclo,Público
id,"Escola Básica de São Martinho, São Martinho do Campo, Santo Tirso",Porto,Santo Tirso,2º Ciclo,Público
id,"Escola Básica e Secundária D. Dinis, Santo Tirso",Porto,Santo Tirso,2º Ciclo,Público
id,Instituto Nun’Alvres,Porto,Santo Tirso,2º Ciclo,Privado
id,Colégio da Trofa,Porto,Trofa,2º Ciclo,Privado
id,"Escola Básica do Castro, Alvarelhos, Trofa",Porto,Trofa,2º Ciclo,Público
id,"Escola Básica e Secundária de Coronado e Castro, São Romão do Coronado, Trofa",Porto,Trofa,2º Ciclo,Público
id,"Escola Básica Prof. Napoleão Sousa Marques, São Martinho de Bougado, Trofa",Porto,Trofa,2º Ciclo,Público
id,Colégio de Ermesinde - Escola Católica,Porto,Valongo,2º Ciclo,Privado
id,"Escola Básica D. António Ferreira Gomes, Ermesinde, Valongo",Porto,Valongo,2º Ciclo,Público
id,"Escola Básica de Alfena, Valongo",Porto,Valongo,2º Ciclo,Público
id,"Escola Básica de São João do Sobrado, Sobrado, Valongo",Porto,Valongo,2º Ciclo,Público
id,"Escola Básica de São Lourenço, Ermesinde, Valongo",Porto,Valongo,2º Ciclo,Público
id,"Escola Básica de Vallis Longus, Valongo",Porto,Valongo,2º Ciclo,Público
id,"Escola Básica e Secundária de Campo, Valongo",Porto,Valongo,2º Ciclo,Público
id,"Escola Básica e Secundária de Ermesinde, Valongo",Porto,Valongo,2º Ciclo,Público
id,"Externato ""Maria Droste""",Porto,Valongo,2º Ciclo,Privado
id,"Externato ""Santa Joana""",Porto,Valongo,2º Ciclo,Privado
id,Colégio do Forte,Porto,Vila do Conde,2º Ciclo,Privado
id,"Escola Básica D. Pedro IV, Mindelo, Vila do Conde",Porto,Vila do Conde,2º Ciclo,Público
id,"Escola Básica Dr. Carlos Pinto Ferreira, Junqueira, Vila do Conde",Porto,Vila do Conde,2º Ciclo,Público
id,"Escola Básica Frei João de Vila do Conde, Vila do Conde",Porto,Vila do Conde,2º Ciclo,Público
id,"Escola Básica Júlio Saúl Dias, Vila do Conde",Porto,Vila do Conde,2º Ciclo,Público
id,"Escola Básica Maria Pais Ribeiro - A Ribeirinha, Macieira, Vila do Conde",Porto,Vila do Conde,2º Ciclo,Público
id,Academia de Música de Vilar do Paraíso,Porto,Vila Nova de Gaia,2º Ciclo,Privado
id,Colégio Adventista de Oliveira do Douro,Porto,Vila Nova de Gaia,2º Ciclo,Privado
id,Colégio Cedros,Porto,Vila Nova de Gaia,2º Ciclo,Privado
id,Colégio de Gaia,Porto,Vila Nova de Gaia,2º Ciclo,Privado
id,Colégio de Nossa Senhora da Bonança,Porto,Vila Nova de Gaia,2º Ciclo,Privado
id,Colégio Heliântia,Porto,Vila Nova de Gaia,2º Ciclo,Privado
id,Colégio Horizonte,Porto,Vila Nova de Gaia,2º Ciclo,Privado
id,Colégio Internato Claret,Porto,Vila Nova de Gaia,2º Ciclo,Privado
id,"Escola Básica Adriano Correia de Oliveira, Avintes, Vila Nova de Gaia",Porto,Vila Nova de Gaia,2º Ciclo,Público
id,"Escola Básica Anes de Cernache, Vilar de Andorinho, Vila Nova de Gaia",Porto,Vila Nova de Gaia,2º Ciclo,Público
id,"Escola Básica D. Pedro I, Canidelo, Vila Nova de Gaia",Porto,Vila Nova de Gaia,2º Ciclo,Público
id,"Escola Básica da Madalena, Vila Nova de Gaia",Porto,Vila Nova de Gaia,2º Ciclo,Público
id,"Escola Básica de Santa Marinha, Vila Nova de Gaia",Porto,Vila Nova de Gaia,2º Ciclo,Público
id,"Escola Básica de Valadares, Vila Nova de Gaia",Porto,Vila Nova de Gaia,2º Ciclo,Público
id,"Escola Básica de Vila d’Este, Vilar de Andorinho, Vila Nova de Gaia",Porto,Vila Nova de Gaia,2º Ciclo,Público
id,"Escola Básica do Olival, Vila Nova de Gaia",Porto,Vila Nova de Gaia,2º Ciclo,Público
id,"Escola Básica Dr. Costa Matos, Vila Nova de Gaia",Porto,Vila Nova de Gaia,2º Ciclo,Público
id,"Escola Básica e Secundária de Canelas, Vila Nova de Gaia",Porto,Vila Nova de Gaia,2º Ciclo,Público
id,"Escola Básica Escultor António Fernandes Sá, Gervide, Vila Nova de Gaia",Porto,Vila Nova de Gaia,2º Ciclo,Público
id,"Escola Básica Júlio Dinis, Grijó, Vila Nova de Gaia",Porto,Vila Nova de Gaia,2º Ciclo,Público
id,"Escola Básica Padre António Luis Moreira, Carvalhos, Vila Nova de Gaia",Porto,Vila Nova de Gaia,2º Ciclo,Público
id,"Escola Básica Soares dos Reis, Vila Nova de Gaia",Porto,Vila Nova de Gaia,2º Ciclo,Público
id,"Escola Básica Sophia de Mello Breyner, Corvo, Vila Nova de Gaia",Porto,Vila Nova de Gaia,2º Ciclo,Público
id,"Escola Básica e Secundária D. Miguel de Almeida, Abrantes",Santarém,Abrantes,2º Ciclo,Público
id,"Escola Básica e Secundária Dr. Manuel Fernandes, Abrantes",Santarém,Abrantes,2º Ciclo,Público
id,"Escola Básica e Secundária Dr. Solano de Abreu, Abrantes",Santarém,Abrantes,2º Ciclo,Público
id,"Escola Básica e Secundária Octávio Duarte Ferreira, Tramagal, Abrantes",Santarém,Abrantes,2º Ciclo,Público
id,"Escola Básica de Minde, Alcanena",Santarém,Alcanena,2º Ciclo,Público
id,"Escola Básica Dr. Anastácio Gonçalves, Alcanena",Santarém,Alcanena,2º Ciclo,Público
id,"Escola Básica de Fazendas de Almeirim, Almeirim",Santarém,Almeirim,2º Ciclo,Público
id,"Escola Básica Febo Moniz, Almeirim",Santarém,Almeirim,2º Ciclo,Público
id,"Escola Básica Professor Abel Avelino, Alpiarça",Santarém,Alpiarça,2º Ciclo,Público
id,"Escola Básica de Porto Alto, Benavente",Santarém,Benavente,2º Ciclo,Público
id,"Escola Básica Duarte Lopes, Benavente",Santarém,Benavente,2º Ciclo,Público
id,"Escola Básica D. Sancho I, Pontével, Cartaxo",Santarém,Cartaxo,2º Ciclo,Público
id,"Escola Básica Marcelino Mesquita, Cartaxo",Santarém,Cartaxo,2º Ciclo,Público
id,Escola Básica e Secundária da Chamusca,Santarém,Chamusca,2º Ciclo,Público
id,"Escola Básica e Secundária Luís de Camões, Constância",Santarém,Constância,2º Ciclo,Público
id,"Escola Básica do Couço, Coruche",Santarém,Coruche,2º Ciclo,Público
id,"Escola Básica Dr. Armando Lizardo, Coruche",Santarém,Coruche,2º Ciclo,Público
id,Colégio Andrade Corvo - Pólo I,Santarém,Entroncamento,2º Ciclo,Privado
id,"Escola Básica Dr. Ruy de Andrade, Entroncamento",Santarém,Entroncamento,2º Ciclo,Público
id,"Escola Básica e Secundária Pedro Ferreiro, Ferreira do Zêzere",Santarém,Ferreira do Zêzere,2º Ciclo,Público
id,"Escola Básica e Secundária Mestre Martins Correia, Golegã",Santarém,Golegã,2º Ciclo,Público
id,Escola Básica e Secundária de Mação,Santarém,Mação,2º Ciclo,Público
id,Centro de Estudos de Fátima,Santarém,Ourém,2º Ciclo,Privado
id,Colégio de São Miguel de Fátima,Santarém,Ourém,2º Ciclo,Privado
id,Colégio do Sagrado Coração de Maria,Santarém,Ourém,2º Ciclo,Privado
id,"Escola Básica 4.º Conde de Ourém, Ourém",Santarém,Ourém,2º Ciclo,Público
id,"Escola Básica Cónego Dr. Manuel Lopes Perdigão, Caxarias, Ourém",Santarém,Ourém,2º Ciclo,Público
id,"Escola Básica de Freixianda, Ourém",Santarém,Ourém,2º Ciclo,Público
id,Escola Básica e Secundária de Ourém,Santarém,Ourém,2º Ciclo,Público
id,"Escola Básica de Marinhas do Sal, Rio Maior",Santarém,Rio Maior,2º Ciclo,Público
id,"Escola Básica Fernando Casimiro Pereira da Silva, Rio Maior",Santarém,Rio Maior,2º Ciclo,Público
id,"Escola Básica de Marinhais, Salvaterra de Magos",Santarém,Salvaterra de Magos,2º Ciclo,Público
id,Escola Básica e Secundária de Salvaterra de Magos,Santarém,Salvaterra de Magos,2º Ciclo,Público
id,"Escola Básica Alexandre Herculano, Santarém",Santarém,Santarém,2º Ciclo,Público
id,"Escola Básica D. João II, Santarém",Santarém,Santarém,2º Ciclo,Público
id,"Escola Básica D. Manuel I, Pernes, Santarém",Santarém,Santarém,2º Ciclo,Público
id,"Escola Básica de Alcanede, Santarém",Santarém,Santarém,2º Ciclo,Público
id,"Escola Básica Mem Ramires, Santarém",Santarém,Santarém,2º Ciclo,Público
id,"Escola Básica e Secundária Dr.ª Judite Andrade, Sardoal",Santarém,Sardoal,2º Ciclo,Público
id,"Escola Básica D. Nuno Álvares Pereira, Tomar",Santarém,Tomar,2º Ciclo,Público
id,"Escola Básica de Santa Iria, Tomar",Santarém,Tomar,2º Ciclo,Público
id,"Escola Básica Gualdim Pais, Tomar",Santarém,Tomar,2º Ciclo,Público
id,"Escola Básica Dr. António Chora Barroso, Torres Novas",Santarém,Torres Novas,2º Ciclo,Público
id,"Escola Básica e Secundária Artur Gonçalves, Torres Novas",Santarém,Torres Novas,2º Ciclo,Público
id,"Escola Básica Manuel Figueiredo, Torres Novas",Santarém,Torres Novas,2º Ciclo,Público
id,"Escola Básica e Secundária D. Maria II, Vila Nova da Barquinha",Santarém,Vila Nova da Barquinha,2º Ciclo,Público
id,"Escola Básica Bernardim Ribeiro, Alcácer do Sal",Setúbal,Alcácer do Sal,2º Ciclo,Público
id,"Escola Básica Pedro Nunes, Alcácer do Sal",Setúbal,Alcácer do Sal,2º Ciclo,Público
id,Colégio Penas Real,Setúbal,Alcochete,2º Ciclo,Privado
id,"Escola Básica El Rei D. Manuel I, Alcochete",Setúbal,Alcochete,2º Ciclo,Público
id,Colégio Campo de Flores,Setúbal,Almada,2º Ciclo,Privado
id,Colégio do Vale,Setúbal,Almada,2º Ciclo,Privado
id,"Escola Básica Carlos Gargaté, Charneca de Caparica, Almada",Setúbal,Almada,2º Ciclo,Público
id,"Escola Básica Comandante Conceição e Silva, Cova da Piedade, Almada",Setúbal,Almada,2º Ciclo,Público
id,"Escola Básica D. António da Costa, Almada",Setúbal,Almada,2º Ciclo,Público
id,"Escola Básica da Costa da Caparica, Almada",Setúbal,Almada,2º Ciclo,Público
id,"Escola Básica da Trafaria, Almada",Setúbal,Almada,2º Ciclo,Público
id,"Escola Básica de Alembrança, Feijó, Almada",Setúbal,Almada,2º Ciclo,Público
id,"Escola Básica de Monte da Caparica, Almada",Setúbal,Almada,2º Ciclo,Público
id,"Escola Básica de Vale Rosal, Vale Fetal, Almada",Setúbal,Almada,2º Ciclo,Público
id,"Escola Básica do Miradouro de Alfazina, Monte de Caparica, Almada",Setúbal,Almada,2º Ciclo,Público
id,"Escola Básica e Secundária Anselmo de Andrade, Almada",Setúbal,Almada,2º Ciclo,Público
id,"Escola Básica e Secundária de Monte da Caparica, Almada",Setúbal,Almada,2º Ciclo,Público
id,"Escola Básica e Secundária Francisco Simões, Laranjeiro, Almada",Setúbal,Almada,2º Ciclo,Público
id,"Escola Básica e Secundária Professor Ruy Luís Gomes, Laranjeiro, Almada",Setúbal,Almada,2º Ciclo,Público
id,"Escola Básica Elias Garcia, Sobreda, Almada",Setúbal,Almada,2º Ciclo,Público
id,"Externato ""Frei Luís de Sousa""",Setúbal,Almada,2º Ciclo,Privado
id,Brincadeiras ao Cubo - Secção II,Setúbal,Barreiro,2º Ciclo,Privado
id,Colégio Minerva - Espaço Casquilhos,Setúbal,Barreiro,2º Ciclo,Privado
id,"Escola Básica Álvaro Velho, Lavradio, Barreiro",Setúbal,Barreiro,2º Ciclo,Público
id,"Escola Básica D. Luís de Mendonça Furtado, Barreiro",Setúbal,Barreiro,2º Ciclo,Público
id,"Escola Básica da Quinta da Lomba, Barreiro",Setúbal,Barreiro,2º Ciclo,Público
id,"Escola Básica da Quinta Nova da Telha, Alto do Seixalinho, Barreiro",Setúbal,Barreiro,2º Ciclo,Público
id,"Escola Básica e Secundária Alfredo da Silva, Barreiro",Setúbal,Barreiro,2º Ciclo,Público
id,"Escola Básica e Secundária de Santo António, Barreiro",Setúbal,Barreiro,2º Ciclo,Público
id,"Escola Básica Padre Abílio Mendes, Barreiro",Setúbal,Barreiro,2º Ciclo,Público
id,"Escola Básica D. Jorge de Lencastre, Grândola",Setúbal,Grândola,2º Ciclo,Público
id,"Escola Básica D. João I, Baixa da Banheira, Moita",Setúbal,Moita,2º Ciclo,Público
id,"Escola Básica D. Pedro II, Moita",Setúbal,Moita,2º Ciclo,Público
id,"Escola Básica de Fragata do Tejo, Moita",Setúbal,Moita,2º Ciclo,Público
id,"Escola Básica de Vale da Amoreira, Moita",Setúbal,Moita,2º Ciclo,Público
id,"Escola Básica José Afonso, Alhos Vedros, Moita",Setúbal,Moita,2º Ciclo,Público
id,"Escola Básica Mouzinho da Silveira, Baixa da Banheira, Moita",Setúbal,Moita,2º Ciclo,Público
id,Colégio CdD,Setúbal,Montijo,2º Ciclo,Privado
id,Colégio do Tejo,Setúbal,Montijo,2º Ciclo,Privado
id,"Escola Básica D. Pedro Varela, Montijo",Setúbal,Montijo,2º Ciclo,Público
id,"Escola Básica de Pegões, Canha e Santo Isidro, Montijo",Setúbal,Montijo,2º Ciclo,Público
id,"Escola Básica do Esteval, Montijo",Setúbal,Montijo,2º Ciclo,Público
id,Colégio A Palmeira,Setúbal,Palmela,2º Ciclo,Privado
id,Colégio Crescer no Campo,Setúbal,Palmela,2º Ciclo,Privado
id,"Escola Básica e Secundária José Saramago, Poceirão, Palmela",Setúbal,Palmela,2º Ciclo,Público
id,"Escola Básica Hermenegildo Capelo, Palmela",Setúbal,Palmela,2º Ciclo,Público
id,"Escola Básica José Maria dos Santos, Pinhal Novo, Palmela",Setúbal,Palmela,2º Ciclo,Público
id,Saint Peters International School,Setúbal,Palmela,2º Ciclo,Privado
id,"Escola Básica e Secundária Frei André da Veiga, Santiago do Cacém",Setúbal,Santiago do Cacém,2º Ciclo,Público
id,"Escola Básica n.º 1 de Cercal do Alentejo, Santiago do Cacém",Setúbal,Santiago do Cacém,2º Ciclo,Público
id,"Escola Básica n.º 1 de Santo André, Santiago do Cacém",Setúbal,Santiago do Cacém,2º Ciclo,Público
id,"Escola Básica Prof. Arménio Lança, Alvalade do Sado, Santiago do Cacém",Setúbal,Santiago do Cacém,2º Ciclo,Público
id,Colégio Atlântico,Setúbal,Seixal,2º Ciclo,Privado
id,Colégio Guadalupe,Setúbal,Seixal,2º Ciclo,Privado
id,"Escola Básica Carlos Ribeiro, Pinhal de Frades, Seixal",Setúbal,Seixal,2º Ciclo,Público
id,"Escola Básica da Cruz de Pau, Seixal",Setúbal,Seixal,2º Ciclo,Público
id,"Escola Básica de Corroios, Seixal",Setúbal,Seixal,2º Ciclo,Público
id,"Escola Básica de Vale de Milhaços, Seixal",Setúbal,Seixal,2º Ciclo,Público
id,"Escola Básica Dr. António Augusto Louro, Arrentela, Seixal",Setúbal,Seixal,2º Ciclo,Público
id,"Escola Básica Nun’Álvares, Arrentela, Seixal",Setúbal,Seixal,2º Ciclo,Público
id,"Escola Básica Paulo da Gama, Amora, Seixal",Setúbal,Seixal,2º Ciclo,Público
id,"Escola Básica Pedro Eanes Lobato, Amora, Seixal",Setúbal,Seixal,2º Ciclo,Público
id,"Escola Básica da Boa Água, Quinta do Conde, Sesimbra",Setúbal,Sesimbra,2º Ciclo,Público
id,"Escola Básica da Quinta do Conde, Sesimbra",Setúbal,Sesimbra,2º Ciclo,Público
id,"Escola Básica do Castelo, Sesimbra",Setúbal,Sesimbra,2º Ciclo,Público
id,"Escola Básica e Secundária Michel Giacometti, Quinta do Conde, Sesimbra",Setúbal,Sesimbra,2º Ciclo,Público
id,"Escola Básica Navegador Rodrigues Soromenho, Sesimbra",Setúbal,Sesimbra,2º Ciclo,Público
id,Academia de Música e Belas-Artes Luísa Todi,Setúbal,Setúbal,2º Ciclo,Privado
id,Colégio das Faias,Setúbal,Setúbal,2º Ciclo,Privado
id,Colégio do Centeio,Setúbal,Setúbal,2º Ciclo,Privado
id,"Escola Básica Barbosa du Bocage, Setúbal",Setúbal,Setúbal,2º Ciclo,Público
id,"Escola Básica de Aranguez, Setúbal",Setúbal,Setúbal,2º Ciclo,Público
id,"Escola Básica de Azeitão, Vila Nogueira de Azeitão, Setúbal",Setúbal,Setúbal,2º Ciclo,Público
id,"Escola Básica e Secundária Lima de Freitas, Setúbal",Setúbal,Setúbal,2º Ciclo,Público
id,"Escola Básica e Secundária Ordem de Sant´Iago, Setúbal",Setúbal,Setúbal,2º Ciclo,Público
id,"Escola Básica Luísa Todi, Setúbal",Setúbal,Setúbal,2º Ciclo,Público
id,"Escola Básica Vasco da Gama, Sines",Setúbal,Sines,2º Ciclo,Público
id,"Escola Básica Dr. Manuel da Costa Brandão, Sabadim, Arcos de Valdevez",Viana do Castelo,Arcos de Valdevez,2º Ciclo,Público
id,"Escola Básica Padre Himalaya, Távora, Arcos de Valdevez",Viana do Castelo,Arcos de Valdevez,2º Ciclo,Público
id,Escola Básica e Secundária de Caminha,Viana do Castelo,Caminha,2º Ciclo,Público
id,"Escola Básica e Secundária do Vale do Âncora, Vila Praia de Âncora, Caminha",Viana do Castelo,Caminha,2º Ciclo,Público
id,Escola Básica e Secundária de Melgaço,Viana do Castelo,Melgaço,2º Ciclo,Público
id,Colégio do Minho - Polo de Monção,Viana do Castelo,Monção,2º Ciclo,Privado
id,"Escola Básica de Vale do Mouro, Tangil, Monção",Viana do Castelo,Monção,2º Ciclo,Público
id,"Escola Básica Deu-la-Deu Martins, Monção",Viana do Castelo,Monção,2º Ciclo,Público
id,Escola Básica e Secundária de Paredes de Coura,Viana do Castelo,Paredes de Coura,2º Ciclo,Público
id,"Escola Básica Diogo Bernardes, Ponte da Barca",Viana do Castelo,Ponte da Barca,2º Ciclo,Público
id,"Escola Básica António Feijó, Ponte de Lima",Viana do Castelo,Ponte de Lima,2º Ciclo,Público
id,"Escola Básica da Correlhã, Ponte de Lima",Viana do Castelo,Ponte de Lima,2º Ciclo,Público
id,"Escola Básica de Freixo, Ponte de Lima",Viana do Castelo,Ponte de Lima,2º Ciclo,Público
id,"Escola Básica e Secundária de Arcozelo, Ponte de Lima",Viana do Castelo,Ponte de Lima,2º Ciclo,Público
id,"Escola Básica e Secundária de Muralhas do Minho, Valença",Viana do Castelo,Valença,2º Ciclo,Público
id,Colégio do Minho,Viana do Castelo,Viana do Castelo,2º Ciclo,Privado
id,"Escola Básica da Abelheira, Viana do Castelo",Viana do Castelo,Viana do Castelo,2º Ciclo,Público
id,"Escola Básica da Foz do Neiva, Castelo do Neiva, Viana do Castelo",Viana do Castelo,Viana do Castelo,2º Ciclo,Público
id,"Escola Básica de Darque, Viana do Castelo",Viana do Castelo,Viana do Castelo,2º Ciclo,Público
id,"Escola Básica Dr. Pedro Barbosa, Viana do Castelo",Viana do Castelo,Viana do Castelo,2º Ciclo,Público
id,"Escola Básica e Secundária de Arga e Lima, Lanheses, Viana do Castelo",Viana do Castelo,Viana do Castelo,2º Ciclo,Público
id,"Escola Básica e Secundária de Barroselas, Viana do Castelo",Viana do Castelo,Viana do Castelo,2º Ciclo,Público
id,"Escola Básica e Secundária de Monte da Ola, Viana do Castelo",Viana do Castelo,Viana do Castelo,2º Ciclo,Público
id,"Escola Básica e Secundária Pintor José de Brito, Santa Marta de Portuzelo, Viana do Castelo",Viana do Castelo,Viana do Castelo,2º Ciclo,Público
id,"Escola Básica Frei Bartolomeu dos Mártires, Viana do Castelo",Viana do Castelo,Viana do Castelo,2º Ciclo,Público
id,Escola Básica e Secundária de Vila Nova de Cerveira,Viana do Castelo,Vila Nova de Cerveira,2º Ciclo,Público
id,"Escola Básica e Secundária D. Sancho II, Alijó",Vila Real,Alijó,2º Ciclo,Público
id,"Escola Básica Gomes Monteiro, Boticas",Vila Real,Boticas,2º Ciclo,Público
id,"Escola Básica de Vidago, Chaves",Vila Real,Chaves,2º Ciclo,Público
id,"Escola Básica Dr. Francisco Gonçalves Carneiro, Chaves",Vila Real,Chaves,2º Ciclo,Público
id,"Escola Básica e Secundária Fernão de Magalhães, Chaves",Vila Real,Chaves,2º Ciclo,Público
id,"Escola Básica Nadir Afonso, Chaves",Vila Real,Chaves,2º Ciclo,Público
id,"Escola Básica e Secundária Professor António da Natividade, Mesão Frio",Vila Real,Mesão Frio,2º Ciclo,Público
id,Escola Básica e Secundária de Mondim de Basto,Vila Real,Mondim de Basto,2º Ciclo,Público
id,"Escola Básica e Secundária do Baixo Barroso, Venda Nova, Montalegre",Vila Real,Montalegre,2º Ciclo,Público
id,"Escola Básica e Secundária Dr. Bento da Cruz, Montalegre",Vila Real,Montalegre,2º Ciclo,Público
id,Escola Básica e Secundária de Murça,Vila Real,Murça,2º Ciclo,Público
id,Escola Básica de Peso da Régua,Vila Real,Peso da Régua,2º Ciclo,Público
id,"Escola Básica de Cerva, Ribeira de Pena",Vila Real,Ribeira de Pena,2º Ciclo,Público
id,Escola Básica e Secundária de Ribeira de Pena,Vila Real,Ribeira de Pena,2º Ciclo,Público
id,"Escola Básica e Secundária Miguel Torga, Sabrosa",Vila Real,Sabrosa,2º Ciclo,Público
id,Escola Básica de Santa Marta de Penaguião,Vila Real,Santa Marta de Penaguião,2º Ciclo,Público
id,"Escola Básica José dos Anjos, Carrazedo de Montenegro, Valpaços",Vila Real,Valpaços,2º Ciclo,Público
id,"Escola Básica Júlio do Carvalhal, Valpaços",Vila Real,Valpaços,2º Ciclo,Público
id,"Escola Básica de Pedras Salgadas, Vila Pouca de Aguiar",Vila Real,Vila Pouca de Aguiar,2º Ciclo,Público
id,Escola Básica e Secundária de Vila Pouca de Aguiar - Sul,Vila Real,Vila Pouca de Aguiar,2º Ciclo,Público
id,Colégio João Paulo II - Vila Real,Vila Real,Vila Real,2º Ciclo,Privado
id,"Escola Básica Diogo Cão, Vila Real",Vila Real,Vila Real,2º Ciclo,Público
id,"Escola Básica Monsenhor Jerónimo do Amaral, Vila Real",Vila Real,Vila Real,2º Ciclo,Público
id,"Escola Básica e Secundária Gomes Teixeira, Armamar",Viseu,Armamar,2º Ciclo,Público
id,"Escola Básica Aristides de Sousa Mendes, Cabanas de Viriato, Carregal do Sal",Viseu,Carregal do Sal,2º Ciclo,Público
id,Escola Básica de Carregal do Sal,Viseu,Carregal do Sal,2º Ciclo,Público
id,Escola Básica de Castro Daire,Viseu,Castro Daire,2º Ciclo,Público
id,"Escola Básica de Mões, Castro Daire",Viseu,Castro Daire,2º Ciclo,Público
id,"Escola Básica de Souselo, Cinfães",Viseu,Cinfães,2º Ciclo,Público
id,"Escola Básica General Serpa Pinto, Cinfães",Viseu,Cinfães,2º Ciclo,Público
id,Colégio de Lamego,Viseu,Lamego,2º Ciclo,Privado
id,Escola Básica de Lamego,Viseu,Lamego,2º Ciclo,Público
id,"Escola Básica e Secundária da Sé, Lamego",Viseu,Lamego,2º Ciclo,Público
id,"Escola Básica Gomes Eanes de Azurara, Mangualde",Viseu,Mangualde,2º Ciclo,Público
id,Escola Básica e Secundária de Moimenta da Beira,Viseu,Moimenta da Beira,2º Ciclo,Público
id,"Escola Básica Dr. José Lopes de Oliveira, Mortágua",Viseu,Mortágua,2º Ciclo,Público
id,"Escola Básica Dr. Fortunato de Almeida, Nelas",Viseu,Nelas,2º Ciclo,Público
id,"Escola Básica e Secundária Eng. Dionísio Augusto Cunha, Canas de Senhorim, Nelas",Viseu,Nelas,2º Ciclo,Público
id,Escola Básica e Secundária de Oliveira de Frades,Viseu,Oliveira de Frades,2º Ciclo,Público
id,"Escola Básica de Ínsua, Penalva do Castelo",Viseu,Penalva do Castelo,2º Ciclo,Público
id,"Escola Básica Álvaro Coutinho - o Magriço, Penedono",Viseu,Penedono,2º Ciclo,Público
id,"Escola Básica D. António José de Castro, Resende",Viseu,Resende,2º Ciclo,Público
id,Escola Básica de Santa Comba Dão,Viseu,Santa Comba Dão,2º Ciclo,Público
id,Escola Básica e Secundária de São João da Pesqueira,Viseu,São João da Pesqueira,2º Ciclo,Público
id,"Escola Básica de Santa Cruz da Trapa, São Pedro do Sul",Viseu,São Pedro do Sul,2º Ciclo,Público
id,Escola Básica n.º 2 de São Pedro do Sul,Viseu,São Pedro do Sul,2º Ciclo,Público
id,"Escola Básica de Ferreira de Aves, Sátão",Viseu,Sátão,2º Ciclo,Público
id,"Escola Básica Ferreira Lapa, Sátão",Viseu,Sátão,2º Ciclo,Público
id,"Escola Básica Padre João Rodrigues, Veiga, Sernancelhe",Viseu,Sernancelhe,2º Ciclo,Público
id,"Escola Básica e Secundária Abel Botelho, Tabuaço",Viseu,Tabuaço,2º Ciclo,Público
id,"Escola Básica e Secundária Dr. José Leite de Vasconcelos, Tarouca",Viseu,Tarouca,2º Ciclo,Público
id,"Escola Básica de Campo de Besteiros, Tondela",Viseu,Tondela,2º Ciclo,Público
id,"Escola Básica de Caramulo, Tondela",Viseu,Tondela,2º Ciclo,Público
id,Escola Básica de Tondela,Viseu,Tondela,2º Ciclo,Público
id,"Escola Básica Professor Doutor Carlos Mota Pinto, Lajeosa do Dão, Tondela",Viseu,Tondela,2º Ciclo,Público
id,"Escola Básica Aquilino Ribeiro, Vila Nova de Paiva",Viseu,Vila Nova de Paiva,2º Ciclo,Público
id,"Colégio ""Via Sacra""",Viseu,Viseu,2º Ciclo,Privado
id,Colégio da Imaculada Conceição,Viseu,Viseu,2º Ciclo,Privado
id,"Escola Básica D. Duarte, Vil de Soito, Viseu",Viseu,Viseu,2º Ciclo,Público
id,"Escola Básica D. Luis Loureiro, Silgueiros, Viseu",Viseu,Viseu,2º Ciclo,Público
id,"Escola Básica de Viso, Viseu",Viseu,Viseu,2º Ciclo,Público
id,"Escola Básica Dr. Azeredo Perdigão, Abraveses, Viseu",Viseu,Viseu,2º Ciclo,Público
id,"Escola Básica Grão Vasco, Viseu",Viseu,Viseu,2º Ciclo,Público
id,"Escola Básica Infante D. Henrique, Repeses, Viseu",Viseu,Viseu,2º Ciclo,Público
id,"Escola Básica João de Barros, Marzovelos, Viseu",Viseu,Viseu,2º Ciclo,Público
id,"Escola Básica n.º 3 de Mundão, Viseu",Viseu,Viseu,2º Ciclo,Público
id,"Escola Básica de Campia, Vouzela",Viseu,Vouzela,2º Ciclo,Público
id,Escola Básica de Vouzela,Viseu,Vouzela,2º Ciclo,Público
