type,id,lat,lon,tags/level,tags/name,tags/railway,tags/wheelchair,tags/operator,tags/public_transport,tags/station,tags/subway,tags/website,tags/wikidata,tags/wikipedia,tags/name:de,tags/start_date,tags/door,tags/indoor,tags/stairs,tags/addr:city,tags/source,tags/check_date:wheelchair,tags/highway,tags/addr:postcode,tags/access,tags/elevator,tags/official_name,tags/platforms,tags/entrance,tags/barrier,tags/tactile_paving,tags/bicycle,tags/toilets:wheelchair,tags/network,tags/layer
node,33360557,38.7106554,-9.1390845,0,Baixa-Chiado,subway_entrance,yes,,,,,,,,,,,,,,,,,,,,,,,,,,,,
node,256976574,38.737684,-9.1592473,,Praça de Espanha,station,,Metropolitano de Lisboa,station,subway,yes,https://www.metrolisboa.pt/viajar/praca-de-espanha/,Q605303,pt:Estação Praça de Espanha,,,,,,,,,,,,,,,,,,,,,
node,256978160,38.7420882,-9.1689132,,Jardim Zoológico,station,,Metropolitano de Lisboa,station,subway,yes,https://www.metrolisboa.pt/viajar/jardim-zoologico/,Q2037057,pt:Estação Jardim Zoológico,Zoologischer Garten,,,,,,,,,,,,,,,,,,,,
node,256978165,38.7482497,-9.1730362,,Laranjeiras,station,no,Metropolitano de Lisboa,station,subway,yes,https://www.metrolisboa.pt/viajar/alto-dos-moinhos/,Q962631,pt:Estação Laranjeiras,,,,,,,,,,,,,,,,,,,,,
node,256978170,38.7498954,-9.1797946,,Alto dos Moinhos,station,,Metropolitano de Lisboa,station,subway,yes,https://www.metrolisboa.pt/viajar/alto-dos-moinhos/,Q639045,pt:Estação Alto dos Moinhos,,,,,,,,,,,,,,,,,,,,,
node,256979289,38.7592285,-9.1927134,,Carnide,station,limited,Metropolitano de Lisboa,station,subway,yes,https://www.metrolisboa.pt/viajar/carnide/,Q1659995,pt:Estação Carnide,,,,,,,,,,,,,,,,,,,,,
node,256981325,38.7584244,-9.2183301,,Amadora Este,station,,Metropolitano de Lisboa,station,subway,yes,https://www.metrolisboa.pt/viajar/amadora-este/,Q1399674,pt:Estação Amadora Este,,15/05/2004,,,,,,,,,,,,,,,,,,,
node,265290986,38.7105685,-9.1420642,-0.4,Baixa-Chiado,subway_entrance,no,,,,,,,,,,,,,,,,,,,,,,,,,,,,
node,376031049,38.7380153,-9.1601944,,Praça de Espanha,subway_entrance,,,,,,,,,,,,,,,,,,,,,,,,,,,,,
node,376811849,38.7153799,-9.1409911,,Restauradores,subway_entrance,no,,,,,,,,,,,,,,,,,,,,,,,,,,,,
node,376811870,38.7151077,-9.1415437,,Restauradores,subway_entrance,no,,,,,,,,,,,,,,,,,,,,,,,,,,,,
node,494451977,38.7421755,-9.1686961,,Jardim Zoológico,subway_entrance,,,,,,,,,Zoologischer Garten,,,,,,,,,,,,,,,,,,,,
node,494451978,38.7424084,-9.1683109,,Jardim Zoológico,subway_entrance,,,,,,,,,Zoologischer Garten,,,,,,,,,,,,,,,,,,,,
node,1118902552,38.7066678,-9.1348826,-1,Terreiro do Paço,subway_entrance,no,,,,,,,,,,no,door,,,,,,,,,,,,,,,,,
node,1118902554,38.7074551,-9.13544,-1,Terreiro do Paço,subway_entrance,no,,,,,,Q999002,pt:Praça do Comércio,,,no,door,yes,,,,,,,,,,,,,,,,
node,1118902561,38.713519,-9.1223465,,Santa Apolónia,subway_entrance,no,,,,,,,,,,,,,,,,,,,,,,,,,,,,
node,1118902564,38.7136445,-9.1222077,,Santa Apolónia,subway_entrance,no,,,,,,,,,,,,,,,,,,,,,,,,,,,,
node,1118902569,38.7069776,-9.1335978,,Terreiro do Paço,subway_entrance,no,,,,,,,,,,,,,,,,,,,,,,,,,,,,
node,1119839341,38.7250293,-9.1491337,-1,Acesso 1,subway_entrance,no,,,,,,,,,,,,,,,,,,,,,,,,,,,,
node,1121125543,38.7245926,-9.1500222,,Acesso 3,subway_entrance,no,,,,,,,,,,,,,,,,,,,,,,,,,,,,
node,1121125634,38.7246142,-9.1498056,,Acesso 2,subway_entrance,no,,,,,,,,,,,,,,,,,,,,,,,,,,,,
node,1122508338,38.7679575,-9.1555852,0;-0.5,Quinta das Conchas,subway_entrance,,,,,,,,,,,,,,,,,,,,,,,,,,,,,
node,1122508342,38.7671253,-9.1553957,0;-0.5,Quinta das Conchas,subway_entrance,,,,,,,,,,,,,,,,,,,,,,,,,,,,,
node,1122508345,38.7728471,-9.1598245,,Lumiar,subway_entrance,no,,,,,,,,,,,,,,,,,,,,,,,,,,,,
node,1122508348,38.7483759,-9.1415929,,Roma,subway_entrance,no,,,,,,,,,,,,,,,,,,,,,,,,,,,,
node,1122508364,38.713849,-9.1389018,-1,Rossio,subway_entrance,no,,,,,,,,,,no,door,,,,,,,,,,,,,,,,,
node,1122508367,38.7489128,-9.1414876,,Roma,subway_entrance,no,,,,,,,,,,,,,,,,,,,,,,,,,,,,
node,1122508368,38.7230385,-9.1353572,,Intendente,subway_entrance,no,,,,,,,,,,,,,,,,,,,,,,,,,,,,
node,1122508370,38.7334172,-9.1344205,,Arroios,subway_entrance,no,,,,,,,,,,,,,,,,,,,,,,,,,,,,
node,1122508386,38.7728866,-9.1593249,,Lumiar,subway_entrance,no,,,,,,,,,,,,yes,,,,,,,,,,,,,,,,
node,1122508390,38.7150845,-9.1414137,-1,Restauradores,subway_entrance,no,,,,,,,,,,,,,,,,,,,,,,,,,,,,
node,1122508393,38.7672461,-9.1557582,0;-1,Quinta das Conchas,subway_entrance,no,,,,,,,,,,,,,,,,,,,,,,,,,,,,
node,1122508396,38.7140193,-9.1384114,,Rossio,subway_entrance,no,,,,,,,,,,,,,,,,,,,,,,,,,,,,
node,1122508408,38.7429462,-9.1334808,,Areeiro,subway_entrance,no,,,,,,,,,,,,,,,,,,,,,,,,,,,,
node,1122508410,38.7524692,-9.1434604,,Alvalade,subway_entrance,no,,,,,,,,,,,,,,,,,,,,,,,,,,,,
node,1122508428,38.7168228,-9.1356948,,Martim Moniz,subway_entrance,no,,,,,,,,,,,,,,,,,,,,,,,,,,,,
node,1122508431,38.7428943,-9.1336524,,Areeiro,subway_entrance,no,,,,,,,,,,,,,,,,,,,,,,,,,,,,
node,1122508432,38.7375743,-9.1339999,,Alameda,subway_entrance,no,,,,,,,,,,,,,,,,,,,,,,,,,,,,
node,1122508434,38.7228422,-9.1351792,,Intendente,subway_entrance,no,,,,,,,,,,,,,,,,,,,,,,,,,,,,
node,1122508435,38.7794042,-9.1594322,,Azinhaga da Cidade,subway_entrance,,,,,,,,,,,,,,,,,,,,,,,,,,,,,
node,1122508445,38.7224663,-9.1354148,,Intendente,subway_entrance,no,,,,,,,,,,,,,,,,,,,,,,,,,,,,
node,1122508448,38.7537969,-9.1445193,,Alvalade,subway_entrance,no,,,,,,,,,,,,,,,,,,,,,,,,,,,,
node,1122508451,38.7523881,-9.1437704,,Alvalade,subway_entrance,no,,,,,,,,,,,,,,,,,,,,,,,,,,,,
node,1122508456,38.7377117,-9.1336941,,Alameda,subway_entrance,no,,,,,,,,,,,,,,,,,,,,,,,,,,,,
node,1122508465,38.7376034,-9.1335744,,Alameda,subway_entrance,no,,,,,,,,,,,,,,,,,,,,,,,,,,,,
node,1122508468,38.7372493,-9.1336284,,Alameda,subway_entrance,no,,,,,,,,,,,,,,,,,,,,,,,,,,,,
node,1122508486,38.779854,-9.1596549,,Escola Básica nº 109,subway_entrance,,,,,,,,,,,,,,,,,,,,,,,,,,,,,
node,1122508491,38.736695,-9.1319657,,Alameda,subway_entrance,no,,,,,,,,,,,,,,,,,,,,,,,,,,,,
node,1122508495,38.7169042,-9.1363698,,Martim Moniz,subway_entrance,no,,,,,,,,,,,,,,,,,,,,,,,,,,,,
node,1122508498,38.7372755,-9.1340221,,Alameda,subway_entrance,no,,,,,,,,,,,,,,,,,,,,,,,,,,,,
node,1122508511,38.7139778,-9.1389526,-1,Rossio,subway_entrance,no,,,,,,,,,,no,door,,,,,,,,,,,,,,,,,
node,1122508516,38.7377373,-9.1338848,,Alameda,subway_entrance,no,,,,,,,,,,,,,,,,,,,,,,,,,,,,
node,1122508519,38.7366504,-9.1326846,,Alameda,subway_entrance,no,,,,,,,,,,,,,,,,,,,,,,,,,,,,
node,1122508523,38.7333947,-9.1340326,,Arroios,subway_entrance,no,,,,,,,,,,,,,,,,,,,,,,,,,,,,
node,1122508538,38.7538819,-9.1442573,,Alvalade,subway_entrance,no,,,,,,,,,,,,,,,,,,,,,,,,,,,,
node,1122508539,38.7728067,-9.1595744,,Lumiar,subway_entrance,no,,,,,,,,,,,,,,,,,,,,,,,,,,,,
node,1122508541,38.7488049,-9.1418427,,Roma,subway_entrance,no,,,,,,,,,,,,,,,,,,,,,,,,,,,,
node,1122550663,38.7584417,-9.2191236,,Amadora Este,subway_entrance,,,,,,,,,,,,,,,,,,,,,,,,,,,,,
node,1122550669,38.7582342,-9.2179997,,Amadora Este,subway_entrance,,,,,,,,,,,,,,,,,,,,,,,,,,,,,
node,1122550683,38.7593071,-9.1923072,,Avenida Marechal Teixeira Rebelo / Estrada da Correia,subway_entrance,,,,,,,,,,,,,,,,,,,,,,,,,,,,,
node,1122550704,38.7495991,-9.179913,,Alto dos Moínhos,subway_entrance,,,,,,,,,,,,,,,,,,,,,,,,,,,,,
node,1122550715,38.7340605,-9.1442045,,"Praça Duque de Saldanha, Avenida Praia da Vitória, Avenida Defensores de Chaves, Avenida Casal Ribeiro",subway_entrance,no,,,,,,,,,,,,,,,,,,,,,,,,,,,,
node,1122550719,38.7338635,-9.1455777,,"Praça Duque de Saldanha, Avenida Praia da Vitória, Avenida Fontes Pereira de Melo, Rua das Picoas, Avenida 5 de Outubro",subway_entrance,no,,,,,,,,,,,,,,,,,,,,,,,,,,,,
node,1122550724,38.7458721,-9.1482102,,Avenida da República / Avenida 5 de Outubro,subway_entrance,no,,,,,,,,,,,,,,,,,,,,,,,,,,,,
node,1122550731,38.7451603,-9.1480396,,Avenida da República / Avenida 5 de Outubro,subway_entrance,no,,,,,,,,,,,,,,,,,,,,,,,,,,,,
node,1122550735,38.7593208,-9.1927923,,Avenida Marechal Teixeira Rebelo / Rua Eduardo Viana,subway_entrance,,,,,,,,,,,,,,,,,,,,,,,,,,,,,
node,1122550749,38.7464979,-9.1476371,,Avenida da República (nascente) / Rua de Entre Campos,subway_entrance,no,,,,,,,,,,,,,,,,,,,,,,,,,,,,
node,1122550758,38.7587349,-9.2183874,,Amadora Este,subway_entrance,,,,,,,,,,,,,,,,,,,,,,,,,,,,,
node,1122550786,38.7377659,-9.159973,,Praça de Espanha,subway_entrance,,,,,,,,,,,,,,,,,,,,,,,,,,,,,
node,1122550807,38.7533837,-9.1897586,,Colégio Militar/Luz,subway_entrance,,,,,,,,,,,,,,,,,,,,,,,,,,,,,
node,1122550814,38.7537622,-9.1894164,,Colégio Militar/Luz,subway_entrance,yes,,,,,http://metro.transporteslisboa.pt/,,,,,,,,Lisboa,,,,,,,,,,,,,,,
node,1122550827,38.7496321,-9.1802804,,Alto dos Moínhos,subway_entrance,,,,,,,,,,,,,,,,,,,,,,,,,,,,,
node,1122550828,38.7414813,-9.1680382,,Jardim Zoológico,subway_entrance,,,,,,,,,,,,,,,,,,,,,,,,,,,,,
node,1122550868,38.7401051,-9.1460674,,Campo Pequeno,subway_entrance,no,,,,,,,,,,,,,,,,,,,,,,,,,,,,
node,1122550886,38.7533381,-9.1886427,,Colégio Militar/Luz,subway_entrance,,,,,,http://metro.transporteslisboa.pt/,,,,,,,,Lisboa,,,,,,,,,,,,,,,
node,1122550889,38.7310118,-9.1470511,0;-1,Picoas,subway_entrance,no,,,,,,,,,,,,,,,,,,,,,,,,,,,,
node,1122550890,38.751152,-9.1592903,,Cidade Universitária,subway_entrance,no,,,,,,,,,,,,,,,,,,,,,,,,,,,,
node,1122550893,38.73081,-9.1469173,0;-1,Picoas,subway_entrance,no,,,,,,,,,,,,,,,,,,,,,,,,,,,,
node,1122550904,38.7420072,-9.1693433,,Jardim Zoológico,subway_entrance,,,,,,,,,Zoologischer Garten,,,,,,,,,,,,,,,,,,,,
node,1122550907,38.7414546,-9.1470196,,Avenida da República (poente); Avenida de Berna,subway_entrance,no,,,,,,,,,,,,,,,,,,,,,,,,,,,,
node,1122550929,38.7509277,-9.1590301,,Cidade Universitária,subway_entrance,no,,,,,,,,,,,,,,,,,,,,,,,,,,,,
node,1122550946,38.746313,-9.1482661,,Avenida da República (poente),subway_entrance,no,,,,,,,,,,,,,,,,,,,,,,,,,,,,
node,1122550968,38.7378949,-9.1587644,,Praça de Espanha,subway_entrance,,,,,,,,,,,,,,,,,,,,,,,,,,,,,
node,1122550974,38.7599242,-9.2042347,0;-1,Rua Teófilo Braga; Rua Adriano Correia de Oliveira,subway_entrance,no,,,,,,,,,,,,,,,,,,,,,,,,,,,,
node,1122550985,38.7599189,-9.2045958,0;-1,Rua Teófilo Braga; Rua Adriano Correia de Oliveira,subway_entrance,no,,,,,,,,,,,,,,,,,,,,,,,,,,,,
node,1122550997,38.7529573,-9.1889821,,Colégio Militar/Luz,subway_entrance,,,,,,,,,,,,,,,,,,,,,,,,,,,,,
node,1122551004,38.7587961,-9.1926884,,Avenida Marechal Teixeira Rebelo / Rua Guiomar Torresão,subway_entrance,yes,,,,,,,,,,,,,,,,,,,,,,,,,,,,
node,1122551015,38.7477502,-9.1485315,,Avenida das Forças Armadas,subway_entrance,no,,,,,,,,,,,,,,,,,,,,,,,,,,,,
node,1122689128,38.7153169,-9.1410079,-1,Restauradores,subway_entrance,no,,,,,,,,,,,,,,,,,,,,,,,,,,,,
node,1122703835,38.7201296,-9.1540331,,"Largo do Rato, Rua do Salitre, Rua Alexandre Herculano, Rua da Escola Politécnica",subway_entrance,no,,,,,,,,,,,,,,,,,,,,,,,,,,,,
node,1122703892,38.7201819,-9.1556826,,"Largo do Rato, Rua das Amoreiras, Avenida Álvares Cabral, Rua de São Bento",subway_entrance,no,,,,,,,,,,,,,,,,,,,,,,,,,,,,
node,1123933002,38.7610428,-9.1113764,0;-1,Olivais,subway_entrance,no,,,,,,,,,,,,,,,,,,,,,,,,,,,,
node,1123933006,38.7631974,-9.1040676,,"Avenida de Pádua, Avenida Infante Dom Henrique",subway_entrance,no,,,,,,,,,,,,,,,,,,,,,,,,,,,,
node,1123933021,38.7477176,-9.1185213,,Bela Vista,subway_entrance,,,,,,,,,,,,,,,,,,,,,,,,,,,,,
node,1123933031,38.7602738,-9.1119533,0;-1,Olivais,subway_entrance,no,,,,,,,,,,,,,,,,,,,,,,,,,,,,
node,1123933051,38.7552586,-9.1140982,,Avenida Doutor Augusto de Castro;Rua Engenheiro Rodrigues de Carvalho,subway_entrance,no,,,,,,,,,,,,,,,,,,,,,,,,,,,,
node,1123933055,38.7612741,-9.1120078,0;-1,Olivais,subway_entrance,no,,,,,,,,,,,,,,,,,,,,,,,,,,,,
node,1123933057,38.7607189,-9.1121728,0;-1,Olivais,subway_entrance,no,,,,,,,,,,,,,,,,,,,,,,,,,,,,
node,1123933061,38.7477558,-9.1167401,,Bela Vista,subway_entrance,,,,,,,,,,,,,,,,,,,,,,,,,,,,,
node,1123933063,38.7391941,-9.123652,,Olaias,subway_entrance,,,,,,,,,,,,,,,,,,,,,,,,,,,,,
node,1123933078,38.7544661,-9.1137257,,Avenida Doutor Augusto de Castro;Rua Actriz Palmira Bastos,subway_entrance,no,,,,,,,,,,,,,,,,,,,,,,,,,,,,
node,1123933098,38.7477582,-9.1183097,,Bela Vista,subway_entrance,,,,,,,,,,,,,,,,,,,,,,,,,,,,,
node,1123933106,38.7400383,-9.1240654,,Olaias,subway_entrance,yes,,,,,,,,,,,,,,,,,,,,,,,,,,,,
node,1124214067,38.7485566,-9.1724309,,Laranjeira,subway_entrance,,,,,,,,,,,,,,,,,,,,,,,,,,,,,
node,1124214166,38.748433,-9.1727429,,Laranjeira,subway_entrance,,,,,,,,,,,,,,,,,,,,,,,,,,,,,
node,1135498726,38.7222726,-9.1352379,,Intendente,subway_entrance,no,,,,,,,,,,,,,,,,,,,,,,,,,,,,
node,1586066468,38.7348907,-9.144811,,"Avenida da República (sul), Avenida Duque de Ávila",subway_entrance,no,,,,,,,,,,,,,,knowledge,,,,,,,,,,,,,,
node,1678697820,38.7934744,-9.1730287,,Rua Egas Moniz / Rua Álvaro Campos,subway_entrance,limited,,,,,,,,,,,,,,,,,,,,,,,,,,,,
node,1678698096,38.793245,-9.1731151,,Rua Egas Moniz / Rua José Gomes Monteiro,subway_entrance,limited,,,,,,,,,,,,,,,,,,,,,,,,,,,,
node,1735446290,38.7334037,-9.1526451,,"Avenida António Augusto de Aguiar, Rua Carlos Testa",subway_entrance,no,,,,,,,,,,,,,,,,,,,,,,,,,,,,
node,1788785587,41.1483381,-8.6106958,,,subway_entrance,no,,,,,,,,,,,,,,bing,,,,,,,,,,,,,,
node,1788785617,41.1484719,-8.5987128,,,subway_entrance,yes,,,,,,,,,,,,,,bing,,,,,,,,,,,,,,
node,1788785647,41.1486014,-8.5982789,,,subway_entrance,no,,,,,,,,,,,,,,bing,,,,,,,,,,,,,,
node,1788785661,41.1485971,-8.6106115,,,subway_entrance,no,,,,,,,,,,,,,,bing,30/05/2022,,,,,,,,,,,,,
node,1788785711,41.1489741,-8.5985918,,,subway_entrance,no,,,,,,,,,,,,,,bing,,,,,,,,,,,,,,
node,1788787458,41.1569143,-8.6091706,,,subway_entrance,no,,,,,,,,,,,,,,,,,,,,,,,,,,,,
node,1788787719,41.1575244,-8.6091934,,,subway_entrance,no,,,,,,,,,,,,,,bing,,,,,,,,,,,,,,
node,1800615079,38.7297461,-9.1501975,,Parque,subway_entrance,no,,,,,,,,,,,,,,,,,,,,,,,,,,,,
node,1805482882,38.7187697,-9.144617,,Avenida,subway_entrance,no,,,,,,,,,,,,,,,,,,,,,,,,,,,,
node,1830679356,38.7138694,-9.1225949,,Santa Apolónia,subway_entrance,yes;no,,,,,,,,,,,,,,,,elevator,,,,,,,,,,,,
node,1831350951,38.7749313,-9.1157797,,Rua General Silva Freire (sul),subway_entrance,no,,,,,,,,,,,,,,,,,,,,,,,,,,,,
node,1849064176,38.7603423,-9.1579635,,Campo Grande,subway_entrance,no,,,,,,,,,,,,,,,,,,,,,,,,,,,,
node,1864139682,38.7750856,-9.1028807,,Rua 1º de Maio (nascente),subway_entrance,no,,,,,,,,,,,,,,,,,,,,,,,,,,,,
node,1864139685,38.7750736,-9.1030525,,"Rua 1º de Maio (poente), Rua Almirante Gago Coutinho",subway_entrance,no,,,,,,,,,,,,,,,,,,,,,,,,,,,,
node,1914270652,38.7752156,-9.1158483,,Rua General Silva Freire (norte),subway_entrance,no,,,,,,,,,,,,,,,,,,,,,,,,,,,,
node,1940783144,38.7402896,-9.1665075,,Jardim Zoológico,subway_entrance,,,,,,,,,,,,,,,,,,,,,,,,,,,,,
node,1940783150,38.7403152,-9.167079,,Jardim Zoológico,subway_entrance,,,,,,,,,,,,,,,,,,,,,,,,,,,,,
node,2122598606,38.7741327,-9.1598028,,Lumiar,subway_entrance,no,,,,,,,,,,,,yes,,,,,,,,,,,,,,,,
node,2122598611,38.7742936,-9.1596751,,Lumiar,subway_entrance,no,,,,,,,,,,,,yes,,,,,,,,,,,,,,,,
node,2182353199,38.7519527,-9.1586166,,Cidade Universitária,subway_entrance,no,,,,,,,,,,,,,,,,,,,,,,,,,,,,
node,2228738523,41.1522381,-8.6089773,2,Rua Gonçalo Cristovão;Rua do Bonjardim,subway_entrance,,,,,,,,,,,,,,,,,,,,,,,,,,,,,
node,2330953717,38.7200213,-9.1456315,,Avenida,subway_entrance,no,,,,,,,,,,,,,,,16/04/2023,,,,,,,,,,,,,
node,2333165060,38.7686326,-9.1280417,,Aeroporto,subway_entrance,,,,,,,Q744682,,,,,,,,,,,,,,,,,,,,,,
node,2354350217,41.1487622,-8.6113004,,,subway_entrance,no,,,,,,,,,,,,,,,,,,,,,,,,,,,,
node,2354350232,41.1484775,-8.6113155,,,subway_entrance,no,,,,,,,,,,,,,,,,,,,,,,,,,,,,
node,2356764646,41.1441065,-8.6106958,,,subway_entrance,no,,,,,,,,,,,,,,,,,,,,,,,,,,,,
node,2356764683,41.1450743,-8.6106992,,,subway_entrance,no,,,,,,,,,,,,,,,,,,,,,,,,,,,,
node,2356764710,41.1452515,-8.6110321,,,subway_entrance,no,,,,,,,,,,,,,,,30/05/2022,,,,,,,,,,,,,
node,2356764729,41.1441357,-8.6105287,,,subway_entrance,no,,,,,,,,,,,,,,,,,,,,,,,,,,,,
node,2367434580,41.1496319,-8.6065877,,,subway_entrance,,,,,,,,,,,,,,,,,,,,,,,,,,,,,
node,2367434594,41.1498025,-8.6064948,,,subway_entrance,no,,,,,,,,,,,,,,,,,,,,,,,,,,,,
node,2375419752,41.1497915,-8.6060337,-1,,subway_entrance,no,,,,,,,,,,,,,,,,,,,,,,,,,,,,
node,2472271861,38.7353456,-9.1455359,,Avenida da República(poente); Avenida João Crisóstomo (poente),subway_entrance,no,,,,,,,,,,,,,,knowledge,,,,,,,,,,,,,,
node,2472271862,38.7354634,-9.1449522,,Avenida da República (nascente); Avenida João Crisóstomo (nascente),subway_entrance,no,,,,,,,,,,,,,,knowledge,,,,,,,,,,,,,,
node,2477982550,38.7537971,-9.1883147,,Colégio Militar/Luz,subway_entrance,,,,,,http://metro.transporteslisboa.pt/,,,,,,,,Lisboa,,,,1500-909,,,,,,,,,,,
node,2481048017,38.7556617,-9.1139265,,Rua Conselheiro Emídio Navarro (ISEL);Rua André Vidal Negreiros,subway_entrance,no,,,,,,,,,,,,,,,,,,,,,,,,,,,,
node,2485068039,38.7676464,-9.0986207,,,subway_entrance,yes,,,,,,,,,,,,,,,,,,,,,,,,,,,,
node,2485068191,38.7679532,-9.0985912,,,subway_entrance,yes,,,,,,,,,,,,,,,,,,,,,,,,,,,,
node,2508703381,38.7485119,-9.1490074,,Jardim do Campo Grande,subway_entrance,no,,,,,,,,,,,,,,,,,,,,,,,,,,,,
node,2512560517,38.7164246,-9.1426892,,Restauradores,subway_entrance,no,,,,,,,,,,,,,,,,,,,,,,,,,,,,
node,2512560518,38.7165063,-9.1425287,,Restauradores,subway_entrance,no,,,,,,,,,,,,,,,,,,,,,,,,,,,,
node,2591895781,38.7418965,-9.1330688,,Avenida Almirante Reis (nascente) / Avenida Afonso Costa,subway_entrance,no,,,,,,,,,,,,,,,,,,,,,,,,,,,,
node,2690518317,38.7534823,-9.1439228,,Alvalade,subway_entrance,no,,,,,,,,,,,,,,,,,,,,,,,,,,,,
node,2760245696,38.7278464,-9.1346764,,Anjos,subway_entrance,no,Metropolitano de Lisboa,,,,,,,,,,,,,,,,,,,,,,,,,,,
node,2789492889,41.1608286,-8.6282337,-1,Casa da Música,subway_entrance,no,,,,,,,,,,,,,,,,,,,,,,,,,,,,
node,2789492890,41.1603362,-8.6283689,-1,Casa da Música,subway_entrance,no,,,,,,,,,,,,,,,,,,,,,,,,,,,,
node,2937819149,38.7345433,-9.1544839,,"Avenida Ressano Garcia, Bairro Azul",subway_entrance,no,,,,,,,,,,,,,,,,,,,,,,,,,,,,
node,2937819150,38.7350644,-9.1517973,,"Avenida Duque de Ávila (poente), Rua Marquês Sá da Bandeira, Rua Marquês de Fronteira, Rua Pinheiro Chagas",subway_entrance,,,,,,,,,,,,,,,,,,,,,,,,,,,,,
node,2937824494,38.7337798,-9.1539781,,El Corte Inglés,subway_entrance,,,,,,,,,,,,,,,,,,,,,,,,,,,,,
node,2952337779,38.7472293,-9.1406546,,Roma,subway_entrance,no,,,,,,,,,,,,,,,,,,,,,,,,,,,,
node,2952337821,38.7484567,-9.1413301,,Roma,subway_entrance,no,,,,,,,,,,,,,,,,,,,,,,,,,,,,
node,2966380038,38.7308811,-9.1461333,0;-1,Picoas,subway_entrance,no,,,,,,,,,,,,,,,,,,,,,,,,,,,,
node,3020942761,38.7353399,-9.1428093,,Avenida Duque de Ávila; Avenida Defensores de Chaves,subway_entrance,no,,,,,,,,,,,,,,,28/04/2023,,,,,,,,,,,,,
node,3020942762,38.7353479,-9.1425637,,Rua Dona Filipa de Vilhena; Rua Dona Estefânia,subway_entrance,no,,,,,,,,,,,,,,,28/04/2023,,,,,,,,,,,,,
node,3141074586,38.7603515,-9.1660343,0,Telheiras,subway_entrance,yes,,,,,,,,,,,,,,,,,,,,,,,,,,,,
node,3141074587,38.7598634,-9.1668724,0,Telheiras,subway_entrance,,,,,,,,,,,,,,,,,,,,,,,,,,,,,
node,3251152794,38.7299139,-9.1469629,0;-1,Picoas,subway_entrance,no,,,,,,,,,,,,,,,,,,,,,,,,,,,,
node,3251152795,38.7306478,-9.1464943,0;-1,Picoas,subway_entrance,no,,,,,,,,,,,,,,,,,,,,,,,,,,,,
node,3251718686,38.73006,-9.1473481,0;-1,Picoas,subway_entrance,no,,,,,,,,,,,,,,,,,,,,,,,,,,,,
node,3251806307,38.7355217,-9.1449643,,Avenida da República (nascente); Avenida João Crisóstomo (nascente),subway_entrance,no,,,,,,,,,,,,,,,,,,,,,,,,,,,,
node,3251806308,38.7348652,-9.1454091,,Avenida da República (sul),subway_entrance,no,,,,,,,,,,,,,,,19/01/2023,,,,,,,,,,,,,
node,3251927305,38.7235376,-9.1488622,-1,Acesso 7,subway_entrance,no,,,,,,,,,,,,,,,,,,permissive,,,,,,,,,,
node,3445723633,38.7203371,-9.1546937,,Largo do Rato,subway_entrance,yes,,,,,,,,,,,,,,,,elevator,,,,,,,,,,,,
node,3557799339,41.1611221,-8.6042969,,Marquês,subway_entrance,yes,,,,,,,,,,,,,,,29/04/2024,,,,,,,,,,,,,
node,3665250841,38.7737964,-9.1596564,,Lumiar,subway_entrance,yes,,,,,,,,,,,,no,,,,,,,yes,,,,,,,,,
node,3871232094,38.731971,-9.1344644,,Arroios,subway_entrance,no,,,,,,Q1848374,pt:Estação Arroios,,,,,,,,,,,,,,,,,,,,,
node,3871232095,38.7319591,-9.1342691,,Arroios,subway_entrance,no,,,,,,Q1848374,pt:Estação Arroios,,,,,,,,,,,,,,,,,,,,,
node,3897689884,41.1465424,-8.5929601,,,subway_entrance,yes,,,,,,,,,,,,,,,,,,,,,,,,,,,,
node,3897689885,41.1467563,-8.5930016,,,subway_entrance,yes,,,,,,,,,,,,,,,,,,,,,,,,,,,,
node,3939402959,41.1651822,-8.5986468,,Combatentes,subway_entrance,yes,,,,,,,,,,,,,,,,,,,,,,,,,,,,
node,3939407557,41.1497096,-8.6052096,,Acesso à estação do Bolhão,subway_entrance,yes,,,,,,,,,,,,,,,,,,,,,,,,,,,,
node,3939412757,41.1695597,-8.598874,,Salgueiros,subway_entrance,yes,,,,,,,,,,,,,,,,,,,,,,,,,,,,
node,3939648258,41.15862,-8.6222414,,Carolina Michaelis,subway_entrance,yes,,,,,,,,,,,,,,,,,,,,Carolina Michaëlis,,,,,,,,
node,3939669457,41.1607507,-8.6294844,0,Casa da Música,subway_entrance,yes,,,,,,,,,,,,,,,,,,,,,,,,,,,,
node,3939687157,41.1610901,-8.5820094,,Estádio do Dragão,subway_entrance,yes,,,,,,,,,,,,,,,,,,,,,,,,,,,,
node,3941735761,41.1751821,-8.6036701,,Pólo Universitário,subway_entrance,no,,,,,,,,,,,,,,,,,,,,,,,,,,,,
node,3941781067,41.1143238,-8.6066088,,Santo Ovídio,subway_entrance,yes,,,,,,,,,,,,,,,,,,,,,,,,,,,,
node,3941781168,41.1831678,-8.6020267,,Hospital São João,subway_entrance,yes,,,,,,,,,,,,,,,,,,,,,,,,,,,,
node,3941863257,41.1574491,-8.6086672,,Faria Guimarães,subway_entrance,yes,,,,,,,,,,,,,,,,elevator,,,,,,,,,,,,
node,3941863261,41.1196686,-8.6062136,,Dom João II,subway_entrance,yes,,,,,,Q10275683,,,,,,,,,,,,,,,,,,,,,,
node,3941878957,41.1261241,-8.6056477,,João de Deus,subway_entrance,yes,,,,,,,,,,,,,,,,,,,,,,,,,,,,
node,4119252201,38.7521979,-9.2241149,,Reboleira,station,,Metropolitano de Lisboa,station,subway,yes,https://www.metrolisboa.pt/viajar/reboleira/,Q23834392,pt:Estação Reboleira,,13/04/2016,,,,,,,,,,,,2,,,,,,,
node,4186674624,38.768553,-9.1285374,,Aeroporto,subway_entrance,,,,,,,Q744682,,,,,,yes,,,,,,,yes,,,,,,,,,
node,4266720396,38.7278583,-9.1348716,,Anjos,subway_entrance,no,Metropolitano de Lisboa,,,,,,,,,,,,,,,,,,,,,,,,,,,
node,4267538019,38.7261522,-9.1348499,,Anjos,subway_entrance,no,Metropolitano de Lisboa,,,,,,,,,,,,,,,,,,,,,,,,,,,
node,4267538020,38.7261643,-9.1350428,,Anjos,subway_entrance,no,Metropolitano de Lisboa,,,,,,,,,,,,,,,,,,,,,,,,,,,
node,4267889600,38.7606567,-9.2046641,0;-1,Praça Teófilo Braga; Rua Damião de Góis,subway_entrance,no,,,,,,,,,,,,,,,,,,,,,,,,,,,,
node,4267915223,38.7590028,-9.1925109,,Carnide,subway_entrance,yes,,,,,,,,,,,,,,,,elevator,,,,,,,,,,,,
node,4285403791,38.7799034,-9.1599456,,Rua Vitorino Nemésio; Rua Jorge de Sena,subway_entrance,,,,,,,,,,,,,,,,,,,,,,,,,,,,,
node,4358242200,38.7504287,-9.2229638,,,subway_entrance,no,,,,,,,,,,,,,,,,,,,,,,,,,,,,
node,4358242209,38.7505235,-9.2232687,,,subway_entrance,yes,,,,,,,,,,,,,,,,,,,,,,,,,,,,
node,4378211629,41.1501575,-8.5856026,0,,subway_entrance,yes,,,,,,,,,,,,,,,,,,,,,,,,,,,,
node,4473551007,38.7678461,-9.099525,,Oriente,subway_entrance,yes,,,,,,,,,,,,,,,,,,,,,,,,,,,,
node,4568640015,41.1466209,-8.592959,,,subway_entrance,yes,,,,,,,,,,,,,,,,,,,,,,,,,,,,
node,4713720483,38.7620271,-9.1967447,0,Pontinha,subway_entrance,yes,,,,,,,,,,,,,,,,,,,,,,,,,,,,
node,4713721117,38.7624009,-9.1969351,0,Pontinha,subway_entrance,yes,,,,,,,,,,,,,,,,,,,,,,,,,,,,
node,4852004345,38.7238092,-9.1483588,-1,Acesso 6,subway_entrance,no,,,,,,,,,,,,,,,,,,permissive,,,,staircase,,,,,,
node,4852004361,38.7189454,-9.1442119,,,subway_entrance,no,,,,,,,,,,,,,,,,,,,,,,,,,,,,
node,4869927984,38.7418973,-9.1336807,,Avenida Almirante Reis (poente) / Avenida João XXI,subway_entrance,no,,,,,,,,,,,,,,,,,,,,,,,,,,,,
node,5037503616,41.1486961,-8.598845,,,subway_entrance,yes,,,,,,,,,,,,,,bing,,elevator,,,,,,,,,,,,
node,5054999724,41.1613347,-8.6041554,,Marquês,subway_entrance,no,,,,,,,,,,,,,,,,,,,,,,,,,,,,
node,5056483302,41.1609085,-8.6048015,,Marquês,subway_entrance,no,,,,,,,,,,,,,,,,,,,,,,,,,,,,
node,5059223708,38.7522354,-9.2247256,0;-1,Reboleira,subway_entrance,no,,,,,,,,,,,,,,,,,,,,,,,,,,,,
node,5059223709,38.7518958,-9.2240117,0,Reboleira,subway_entrance,yes,,,,,,,,,,,,,,,,,,,,,,,,,,,,
node,5145130437,38.7488463,-9.149081,,Entrecampos,subway_entrance,no,,,,,,,,,,,,,,,,,,,,,,,,,,,,
node,5223670854,41.1835009,-8.5534048,,,subway_entrance,yes,,,,,,,,,,,,,,,,,,,,,,,,,,,,
node,5223670855,41.1831294,-8.5542257,,,subway_entrance,yes,,,,,,,,,,,,,,,,,,,,,,,,,,,,
node,5258475339,41.1739631,-8.6036468,,Polo Universitário,subway_entrance,no,,,,,,,,,,,,,,,,,,,,,,,,,,,,
node,5293134755,38.7523542,-9.2245978,0;-1,Reboleira,subway_entrance,no,,,,,,,,,,,,,,,,,,,,,,,,,,,,
node,5293134756,38.7513288,-9.2235653,0;-1,Reboleira,subway_entrance,no,,,,,,,,,,,,,,,,,,,,,,,,,,,,
node,5382477663,41.1696735,-8.5991831,,Salgueiros,subway_entrance,,,,,,,,,,,,,,,,,,,,,,,,,,,,,
node,5382477664,41.1696248,-8.5981032,,Salgueiros,subway_entrance,,,,,,,,,,,,,,,,,,,,,,,,,,,,,
node,5382631202,41.1716404,-8.5425804,,,subway_entrance,yes,,,,,,,,,,,,,,,,,,,,,,,,,,,,
node,5382631209,41.1716644,-8.5426978,,,subway_entrance,yes,,,,,,,,,,,,,,,,,,,,,,,,,,,,
node,5382658738,41.1746891,-8.541618,,,subway_entrance,yes,,,,,,,,,,,,,,,,,,,,,,,,,,,,
node,5382658741,41.1746566,-8.5417229,,,subway_entrance,yes,,,,,,,,,,,,,,,,,,,,,,,,,,,,
node,5382658750,41.1754479,-8.5421498,,,subway_entrance,yes,,,,,,,,,,,,,,,,,,,,,,,,,,,,
node,5382658757,41.1754809,-8.5420432,,,subway_entrance,yes,,,,,,,,,,,,,,,,,,,,,,,,,,,,
node,5382658764,41.170878,-8.54286,,,subway_entrance,yes,,,,,,,,,,,,,,,,,,,,,,,,,,,,
node,5382658765,41.170901,-8.5429743,,,subway_entrance,yes,,,,,,,,,,,,,,,,,,,,,,,,,,,,
node,5382704489,41.1802098,-8.5433056,,,subway_entrance,yes,,,,,,,,,,,,,,,,,,,,,,,,,,,,
node,5382704494,41.1801693,-8.5432033,,,subway_entrance,yes,,,,,,,,,,,,,,,,,,,,,,,,,,,,
node,5382704499,41.1795032,-8.5438201,,,subway_entrance,yes,,,,,,,,,,,,,,,,,,,,,,,,,,,,
node,5382704504,41.1794615,-8.5437221,,,subway_entrance,yes,,,,,,,,,,,,,,,,,,,,,,,,,,,,
node,5382765957,41.1835759,-8.5534657,,,subway_entrance,yes,,,,,,,,,,,,,,,,,,,,,,,,,,,,
node,5382765964,41.1832008,-8.5542851,,,subway_entrance,yes,,,,,,,,,,,,,,,,,,,,,,,,,,,,
node,5382781763,41.1797462,-8.5602236,,,subway_entrance,yes,,,,,,,,,,,,,,,,,,,,,,,,,,,,
node,5382781768,41.1797402,-8.5603253,,,subway_entrance,,,,,,,,,,,,,,,,,,,,,,,,,,,,,
node,5382781769,41.1790128,-8.560229,,,subway_entrance,yes,,,,,,,,,,,,,,,,,,,,,,,,,,,,
node,5382781770,41.1789927,-8.560117,,,subway_entrance,yes,,,,,,,,,,,,,,,,,,,,,,,,,,,,
node,5382840732,41.1760797,-8.562,,,subway_entrance,yes,,,,,,,,,,,,,,,,,,,,,,,,,,,,
node,5382840734,41.1760976,-8.5621032,,,subway_entrance,yes,,,,,,,,,,,,,,,,,,,,,,,,,,,,
node,5382840740,41.1753749,-8.5622571,,,subway_entrance,yes,,,,,,,,,,,,,,,,,,,,,,,,,,,,
node,5382840742,41.1753958,-8.5623587,,,subway_entrance,yes,,,,,,,,,,,,,,,,,,,,,,,,,,,,
node,5382840761,41.1710057,-8.5770702,,,subway_entrance,yes,,,,,,,,,,,,,,,,,,,,,,,,,,,,
node,5382840762,41.1709558,-8.5769748,,,subway_entrance,yes,,,,,,,,,,,,,,,,,,,,,,,,,,,,
node,5382840776,41.1702735,-8.5775671,,,subway_entrance,yes,,,,,,,,,,,,,,,,,,,,,,,,,,,,
node,5382840780,41.1702392,-8.5774526,,,subway_entrance,yes,,,,,,,,,,,,,,,,,,,,,,,,,,,,
node,5382856036,41.1654259,-8.5790588,,,subway_entrance,yes,,,,,,,,,,,,,,,,,,,,,,,,,,,,
node,5382856041,41.1660158,-8.57838,,,subway_entrance,yes,,,,,,,,,,,,,,,,,,,,,,,,,,,,
node,5382856042,41.1659589,-8.5782906,,,subway_entrance,,,,,,,,,,,,,,,,,,,,,,,,,,,,,
node,5854352980,38.7071688,-9.1333995,-1,Terreiro do Paço,subway_entrance,no,,,,,,,,,,no,door,yes,,,,,,,,,,,,,,,,
node,5934171807,38.7349574,-9.1448268,,"Avenida da República, Avenida Duque de Ávila",subway_entrance,yes,,,,,,,,,,,,,,knowledge,,elevator,,,,,,,,,,,,
node,5934171808,38.734705,-9.1453738,,Avenida da República (sul),subway_entrance,limited,,,,,,,,,,,,,,knowledge,,,,,,,,,,,,,,
node,5934180714,38.7415767,-9.1463678,,Avenida da República (nascente); Praça do Campo Pequeno,subway_entrance,no,,,,,,,,,,,,,,,,,,,,,,,,,,,,
node,5934180716,38.7399725,-9.1466474,,Campo Pequeno,subway_entrance,no,,,,,,,,,,,,,,,07/02/2023,,,,,,,,,,,,,
node,5934190268,38.7462278,-9.1475713,,Avenida da República (nascente) / Rua de Entre Campos,subway_entrance,yes,,,,,,,,,,,,,,,,,,,,,,,,,,,,
node,5934202286,38.7245538,-9.1498753,0;-1,Elevador,subway_entrance,yes,,,,,,,,,,,,,,,,elevator,,,,,,,,,,,,
node,5934212491,38.7201705,-9.1452436,,Avenida,subway_entrance,no,,,,,,,,,,,,,,,06/01/2021,,,,,,,,,,,,,
node,5934238170,38.7164437,-9.1425135,,Restauradores,subway_entrance,yes,,,,,,,,,,,,,,,,elevator,,,,,,,,,,,,
node,5934267787,38.7138247,-9.1384165,-1;0,Rossio,subway_entrance,yes,,,,,,,,,,,,,,,,elevator,,,,,,,,,,,,
node,5934309503,38.7238899,-9.1352751,,Intendente,subway_entrance,no,,,,,,,,,,,,,,,,,,,,,,,,,,,,
node,5934309504,38.723875,-9.1350724,,Intendente,subway_entrance,no,,,,,,,,,,,,,,,,,,,,,,,,,,,,
node,5934342231,38.7372947,-9.133565,,Alameda,subway_entrance,yes,,,,,,,,,,,,,,,,elevator,,,,,,,,,,,,
node,5934373283,38.7471274,-9.1409382,,Roma,subway_entrance,no,,,,,,,,,,,,,,,,,,,,,,,,,,,,
node,5934373284,38.7472722,-9.1410065,,Roma,subway_entrance,yes,,,,,,,,,,,,,,,,elevator,,,,,,,,,,,,
node,5934388572,38.7538291,-9.1441821,,Alvalade,subway_entrance,yes,,,,,,,,,,,,,,,,elevator,,,,,,,,,,,,
node,6014951833,38.7249177,-9.1507596,-1;0,Acesso 5,subway_entrance,no,,,,,,,,,,,,,,,,,,,,,,,kerb,no,,,,
node,6014951834,38.7248661,-9.1507138,-1;0,Acesso 4,subway_entrance,no,,,,,,,,,,,,,,,,,,,,,,,kerb,no,,,,
node,6355781456,38.7350862,-9.1509318,,Avenida Duque de Ávila (nascente),subway_entrance,no,,,,,,,,,,,,,,,,,,,,,,,,,,,,
node,6368256711,41.1739645,-8.603585,,Polo Universitário,subway_entrance,no,,,,,,,,,,,,,,,,,,,,,,,,,,,,
node,6443849275,38.7345546,-9.1543639,,"Avenida António Augusto de Aguiar, Avenida Ressano Garcia",subway_entrance,yes,,,,,,,,,,,,,,,,elevator,,,,,,,,,,,,
node,6532391536,38.715344,-9.1418667,-1,Restauradores,subway_entrance,no,,,,,,,,,,,,,,,,,,,,,,,,,,,,
node,6550894045,41.1485989,-8.6112971,,,subway_entrance,yes,,,,,,,,,,,,,,,,elevator,,,,,,,,,,,,
node,6582151728,41.1158608,-8.6065329,,Santo Ovídio,subway_entrance,yes,,,,,,,,,,,,,,,,,,,,,,,,,,,,
node,6582151755,41.1158662,-8.6066381,,Santo Ovídio,subway_entrance,yes,,,,,,,,,,,,,,,,,,,,,,,,,,,,
node,6842665822,38.7142006,-9.1375263,-1,Rossio,subway_entrance,no,,,,,,,,,,no,door,,,,,,,,,,,,,,,,,
node,6979744928,38.7547889,-9.1136231,,Chelas,subway_entrance,yes,,,,,,,,,,,,,,,,elevator,,,,,,,,,,,,
node,7108567990,38.7690262,-9.1284253,,Aeroporto,subway_entrance,yes,,,,,,Q744682,,,,,,yes,,,,,,,yes,,,,,,yes,,,
node,7167785854,38.7482221,-9.1728726,,Laranjeira,subway_entrance,,,,,,,,,,,,,,,,,,,,,,,,,,,,,
node,7167785856,38.7483639,-9.1729847,,Laranjeira,subway_entrance,,,,,,,,,,,,,,,,,,,,,,,,,,,,,
node,7174044230,38.7374568,-9.1585307,,Praça de Espanha,subway_entrance,,,,,,,,,,,,,,,,,,,,,,,,,,,,,
node,7728494961,38.7599994,-9.157773,,Faculdade de Ciências; Universidade Lusófona,subway_entrance,,,,,,,,,,,,,,,,,,,,,,,,,,,,,
node,7733997213,38.7726357,-9.1600417,,Lumiar,subway_entrance,no,,,,,,,,,,,,,,,,,,,,,,,,,,,,
node,7734906064,38.7672937,-9.1556598,0,Quinta das Conchas,subway_entrance,yes,,,,,,,,,,,,,,,,,,,,,,,,,,,,
node,7852829037,41.1506259,-8.5857793,0,Campanhã,subway_entrance,yes,,,,,,,,,,,,,,,,,,,,,,,,,,yes,,
node,8422289357,38.7601706,-9.1663555,,Telheiras,subway_entrance,yes,,,,,,,,,,,,,,,,elevator,,,,,,,,,,,,
node,8904856985,38.7347797,-9.1541672,,Avenida António Augusto de Aguiar,subway_entrance,,,,,,,,,,,,,,,,,,,,,,,,,,,,,
node,9377706653,38.7748363,-9.1151507,,Rua General Silva Freire (sul),subway_entrance,yes,,,,,,,,,,,,,,,,elevator,,,,,,,,,,,,
node,9377706654,38.7747526,-9.1149302,,"Rua General Silva Freire (sul), Rua Capitão Tenente Oliveira e Carmo",subway_entrance,no,,,,,,,,,,,,,,,,,,,,,,,,,,,,
node,9377715536,38.774651,-9.1028347,,Rua João Pinto Ribeiro (nascente),subway_entrance,no,,,,,,,,,,,,,,,,,,,,,,,,,,,,
node,9377715537,38.7746393,-9.1030083,,Rua João Pinto Ribeiro (poente),subway_entrance,no,,,,,,,,,,,,,,,,,,,,,,,,,,,,
node,9377715538,38.7746762,-9.1029551,,Rua João Pinto Ribeiro,subway_entrance,yes,,,,,,,,,,,,,,,,elevator,,,,,,,,,,,,
node,9453531880,41.1520436,-8.6090645,0,,subway_entrance,yes,,,,,,,,,,,,,,,,,,,,,,,,,,,,
node,9453531881,41.1520816,-8.6094758,0,,subway_entrance,yes,,,,,,,,,,,,,,,,,,,,,,,,,,,,
node,9491134652,38.7526918,-9.189812,,Colégio Militar/Luz,subway_entrance,,,,,,,,,,,,,,,,,,,,,,,,,,,,,
node,9491134653,38.7528983,-9.1896263,,Colégio Militar/Luz,subway_entrance,,,,,,,,,,,,,,,,,,,,,,,,,,,,,
node,9491134669,38.7536822,-9.1892608,,Colégio Militar/Luz,subway_entrance,yes,,,,,,,,,,,,,,,,elevator,,,,,,,,,,,,
node,9550765393,38.7426149,-9.1337695,,Areeiro,subway_entrance,no,,,,,,,,,,,,,,,,,,,,,,,,,,,,
node,9593288527,38.7146107,-9.1419011,,,subway_entrance,,,,,,,,,,,,yes,,,,,,,,,,,,,,,,,
node,9650379966,38.7475256,-9.1166468,,Bela Vista,subway_entrance,,,,,,,,,,,,,,,,,,,,,,,,,,,,,
node,9762140581,41.1484768,-8.6106507,,,subway_entrance,yes,,,,,,,,,,,,,,,,elevator,,,,,,,,,,,,
node,10026641087,41.1497341,-8.6067586,,,subway_entrance,,,,,,,,,,,,,,,,,,,,,,,,,,,,,
node,10097936761,38.7537882,-9.1445974,,Alvalade,subway_entrance,no,,,,,,,,,,,,,,,,,,,,,,,,,,,,
node,10099089623,38.7428238,-9.1333851,,Areeiro,subway_entrance,yes,,,,,,,,,,,,,,,,elevator,,,,,,,,,,,,
node,10169309457,38.733457,-9.1344137,,Arroios,subway_entrance,yes,,,,,,,,,,,,,,,,elevator,,,,,,,,,,,,
node,10172618715,38.7060611,-9.1456701,0,Cais do Sodré,subway_entrance,no,,,,,,,,,,,,,,,,,,,,,,,,,,,,
node,10172639378,38.7060739,-9.1463213,0,Cais do Sodré,subway_entrance,no,,,,,,,,,,no,door,,,,,,,,,,,,,,,,,
node,10172639381,38.7059228,-9.1465106,0,Cais do Sodré,subway_entrance,no,,,,,,,,,,no,door,,,,,,,,,,,,,,,,,
node,10172639397,38.7057664,-9.1467031,0,Cais do Sodré,subway_entrance,no,,,,,,,,,,no,door,,,,,,,,,,,,,,,,,
node,10172651873,38.7059644,-9.145022,0,Cais do Sodré,subway_entrance,yes,,,,,,,,,,,,,,,,,,,,,,,,,,,,
node,10172651888,38.706077,-9.1450049,0,Cais do Sodré,subway_entrance,no,,,,,,,,,,,,,,,,,,,,,,,,,,,,
node,10172653052,38.7058618,-9.1447236,0,Cais do Sodré,subway_entrance,no,,,,,,,,,,,,,,,,,,,,,,,,,,,,
node,10172653053,38.7057544,-9.1460497,0,Cais do Sodré,subway_entrance,no,,,,,,,,,,,,,,,,,,,,,,,,,,,,
node,10172659718,38.7059064,-9.1456731,0,Cais do Sodré,subway_entrance,no,,,,,,,,,,,,,,,,,,,,,,,,,,,,
node,10185101823,38.7071129,-9.1341926,0,Terreiro do Paço,subway_entrance,yes,,,,,,,,,,,,,,,,,,,,,,elevator,,,,,,
node,10198537270,38.7606184,-9.20446,0,Alfornelos,subway_entrance,yes,,,,,,,,,,,,,,,,,,,,,,,,,,,,
node,10198537284,38.7607553,-9.2044574,0;-1,Praça Teófilo Braga; Rua Damião de Góis,subway_entrance,no,,,,,,,,,,,,,,,,,,,,,,,,,,,,
node,10219950972,38.7855143,-9.1715901,0,Senhor Roubado,subway_entrance,yes,,,,,,,,,,,,,,,,,,,,,,,,,,,,
node,10219950983,38.7858239,-9.1717226,0,Senhor Roubado,subway_entrance,yes,,,,,,,,,,,,,,,,,,,,,,,,,,,,
node,10219950993,38.7857419,-9.17204,0,Senhor Roubado,subway_entrance,yes,,,,,,,,,,,,,,,,,,,,,,,,,,,,
node,10219951025,38.7854319,-9.1719091,0,Senhor Roubado,subway_entrance,yes,,,,,,,,,,,,,,,,,,,,,,,,,,,,
node,10264323963,38.7516641,-9.2237831,0;-1,Reboleira,subway_entrance,no,,,,,,,,,,,,,,,,,,,,,,,,,,,,
node,10277016956,38.7461919,-9.1482398,,Entrecampos,subway_entrance,yes,,,,,,,,,,,,,,,,elevator,,,,,,,,,,,,
node,10277016957,38.751358,-9.1593337,,Cidade Universitária,subway_entrance,yes,,,,,,,,,,,,,,,,elevator,,,,,,,,,,,,
node,10717342639,41.1510246,-8.5856702,,,subway_entrance,yes,,,,,,,,,,,,,,,,,,,,,,,,,,,,
node,10898510134,38.7424869,-9.1683835,,Jardim Zoológico,subway_entrance,,,,,,,,,,,,,,,,,,,,,,,,,,,,,
node,10898510135,38.742297,-9.1683542,,Jardim Zoológico,subway_entrance,,,,,,,,,,,,,,,,,,,,,,,,,,,,,
node,10898510188,38.7419496,-9.169168,,Jardim Zoológico,subway_entrance,,,,,,,,,,,,,,,,,,,,,,,,,,,,,
node,10922243242,38.7630562,-9.1041562,,"Avenida de Pádua, Avenida Infante Dom Henrique",subway_entrance,yes,,,,,,,,,,,,,,,,elevator,,,,,,,,,,,,
node,10922326934,38.7331119,-9.1532011,,El Corte Inglés,subway_entrance,,,,,,,,,,,,,,,,,,,,,,,,,,,,,
node,10922326935,38.7342554,-9.1544693,,,subway_entrance,no,,,,,,,,,,,,,,,,,,,,,,,,,,,,
node,11304102292,38.762962,-9.1040553,,Cabo Ruivo,station,limited,Metropolitano de Lisboa,station,subway,yes,https://www.metrolisboa.pt/viajar/olivais/,Q1475262,pt:Estação Cabo Ruivo,,,,,,,,,,,,,,,,,,,,,
node,11304102294,38.754825,-9.1138702,,Chelas,station,yes,Metropolitano de Lisboa,station,subway,yes,https://www.metrolisboa.pt/viajar/,Q1260646,pt:Estação Chelas,,,,,,,,,,,,,,,,,,,,,
node,11304102295,38.7475354,-9.1176623,,Bela Vista,station,limited,Metropolitano de Lisboa,station,subway,yes,https://www.metrolisboa.pt/viajar/bela-vista/,Q2894181,pt:Estação Bela Vista,,,,,,,,,,,,,,,,,,,,,
node,11304102296,38.7394653,-9.1239461,,Olaias,station,limited,Metropolitano de Lisboa,station,subway,yes,https://www.metrolisboa.pt/viajar/olaias/,Q388345,pt:Estação Olaias,,,,,,,,,,,,,,,,,,,,,
node,11306784695,38.7534028,-9.1892731,,Colégio Militar/Luz,station,no,Metropolitano de Lisboa,station,subway,yes,https://www.metrolisboa.pt/viajar/colegio-militar-luz/,Q1427832,pt:Estação Colégio Militar/Luz,,,,,,,,,,,,,,,,,,,,,
node,11306784698,38.7190194,-9.1448139,,Avenida,station,no,Metropolitano de Lisboa,station,subway,yes,https://www.metrolisboa.pt/viajar/avenida/,Q430125,pt:Estação Avenida,,,,,,,,,,,,,,,,,,,,,
node,11307381904,38.7201029,-9.1548389,,Rato,station,yes,Metropolitano de Lisboa,station,subway,yes,https://www.metrolisboa.pt/viajar/rato/,Q1709447,pt:Estação Rato,,,,,,,,,,,,,,,,,,,,,
node,11307381905,38.7411145,-9.1467836,,Campo Pequeno,station,no,Metropolitano de Lisboa,station,subway,yes,https://www.metrolisboa.pt/viajar/campo-pequeno/,Q1787790,pt:Estação Campo Pequeno,,,,,,,,,,,,,,,,,,,,,
node,11307381906,38.7515195,-9.1590395,,Cidade Universitária,station,yes,"Metropolitano de Lisboa, E.P.E.",station,subway,yes,https://www.metrolisboa.pt/viajar/cidade-universitaria/,Q1989758,pt:Estação Cidade Universitária (Metropolitano de Lisboa),,,,,,,,,,,,,,,,,,,,Metropolitano de Lisboa,
node,11307381907,38.7729284,-9.1592549,,Lumiar,station,limited,Metropolitano de Lisboa,station,subway,yes,https://www.metrolisboa.pt/viajar/lumiar/,Q374170,pt:Estação Lumiar,,,,,,,,,,,,,,,,,,,,,
node,11307381908,38.779605,-9.1594573,,Ameixoeira,station,yes,Metropolitano de Lisboa,station,subway,yes,https://www.metrolisboa.pt/viajar/ameixoeira/,Q2298625,pt:Estação Ameixoeira,,,,,,,,,,,,,,,,,,,,,
node,11307381909,38.7932694,-9.172982,,Odivelas,station,yes,Metropolitano de Lisboa,station,subway,yes,https://www.metrolisboa.pt/viajar/odivelas/,Q1668384,pt:Estação Odivelas,,,,,,,,,,,,,,,,,,,,,
node,11307500428,38.7470462,-9.1482017,,Entrecampos,station,yes,Metropolitano de Lisboa,station,subway,yes,https://www.metrolisboa.pt/viajar/entre-campos/,Q2301274,pt:Estação Campo Grande (Metropolitano de Lisboa),,,,,,,,,,,,,,,,,,,,,
node,11307500429,38.7136899,-9.1224537,,Santa Apolónia,station,yes,Metropolitano de Lisboa,station,subway,yes,https://www.metrolisboa.pt/viajar/santa-apolonia/,Q2080870,pt:Estação Santa Apolónia,,,,,,,,,,,,,,,,,,,,Metro de Lisboa,-1
node,11517753590,38.760476,-9.1121684,0,Olivais,subway_entrance,yes,,,,,,,,,,,,,,,,elevator,,,,,,,,,,,,
node,11844516847,38.730953,-9.1461309,0;-1,Picoas,subway_entrance,no,,,,,,,,,,,,,,,,,,,,,,,,,,,,
node,11886423966,38.7929579,-9.1724781,,,subway_entrance,,,,,,,,,,,,,,,,,,,,,,,,,,,,,
node,12140946767,41.1521872,-8.6090878,1,Rua de Camões,subway_entrance,,,,,,,,,,,,,,,,,,,,,,,,,,,,,
node,12180527208,41.1111938,-8.5992047,,,subway_entrance,no,,,,,,,,,,,,,,,,,,,,,,,,,,,,
node,12180527209,41.111312,-8.6000722,,,subway_entrance,no,,,,,,,,,,,,,,,,,,,,,,,,,,,,
node,12248791454,38.7601097,-9.1585053,,Campo Grande,subway_entrance,,,,,,,,,,,,,,,,,,,,,,,,,,,,,
node,12248791455,38.7598497,-9.1583587,,Avenida Padre Cruz,subway_entrance,,,,,,,,,,,,,,,,,,,,,,,,,,,,,
node,12249202730,38.7583183,-9.2182097,,Amadora Este,subway_entrance,yes,,,,,,,,,,,,,,,,elevator,,,,,,,,,,,,
node,12249202770,38.7796557,-9.1597307,,Ameixoeira,subway_entrance,yes,,,,,,,,,,,,,,,,elevator,,,,,,,,,,,,
node,12700847438,38.7395493,-9.123584,,Olaias,subway_entrance,yes,,,,,,,,,,,,,,,,elevator,,,,,,,,,,,,
,,,,,,,,,,,,,,,,,,,,,,,,,,,,,,,,,,,
,,,,,,,,,,,,,,,,,,,,,,,,,,,,,,,,,,,
,,,,,,,,,,,,,,,,,,,,,,,,,,,,,,,,,,,
,,,,,,,,,,,,,,,,,,,,,,,,,,,,,,,,,,,
,,,,,,,,,,,,,,,,,,,,,,,,,,,,,,,,,,,
