type,id,lat,lon,tags/level,tags/name,tags/railway,tags/wheelchair,tags/public_transport,tags/subway,tags/network,tags/operator,tags/station,tags/website,tags/wikidata,tags/wikipedia,tags/name:de,tags/start_date,tags/door,tags/indoor,tags/stairs,tags/addr:city,tags/source,tags/layer,tags/check_date:wheelchair,tags/highway,tags/addr:postcode,tags/access,tags/elevator,tags/official_name,tags/gtfs:stop_id,tags/light_rail,tags/operator:wikidata,tags/ref:zone,tags/platforms,tags/entrance,tags/barrier,tags/tactile_paving,tags/wikimedia_commons,tags/alt_name:de,tags/name:en,tags/name:es,tags/name:fr,tags/name:it,tags/name:pt,tags/alt_name,tags/name:ko,tags/addr:street,tags/internet_access,tags/local_ref,tags/architect,tags/location,tags/bicycle,tags/construction:public_transport,tags/construction:railway,tags/toilets:wheelchair
node,33360557,38.7106554,-9.1390845,0,Baixa-Chiado,subway_entrance,yes,,,,,,,,,,,,,,,,,,,,,,,,,,,,,,,,,,,,,,,,,,,,,,,,
node,146311452,38.79326,-9.1730002,,Odivelas,stop,,stop_position,yes,,,,,,,,,,,,,,,,,,,,,,,,,,,,,,,,,,,,,,,,,,,,,,
node,146311461,38.7856218,-9.1718324,2,Senhor Roubado,stop,,stop_position,yes,Metropolitano de Lisboa,"Metropolitano de Lisboa, E.P.E.",subway,,,,,,,,,,,,,,,,,,,,,,,,,,,,,,,,,,,,,,,,,,,
node,245937922,38.7793175,-9.1596348,,Ameixoeira,stop,,stop_position,yes,,,,,,,,,,,,,,,,,,,,,,,,,,,,,,,,,,,,,,,,,,,,,,
node,245937941,38.7733991,-9.1593372,,Lumiar,stop,,stop_position,yes,,,,,,,,,,,,,,,,,,,,,,,,,,,,,,,,,,,,,,,,,,,,,,
node,246763946,38.7514975,-9.159114,,Cidade Universitária,stop,,stop_position,yes,,,,,,,,,,,,,,,,,,,,,,,,,,,,,,,,,,,,,,,,,,,,,,
node,246763964,38.7470271,-9.1481984,,Entrecampos,stop,,stop_position,yes,,,,,,,,,,,,,,,,,,,,,,,,,,,,,,,,,,,,,,,,,,,,,,
node,246763968,38.7411137,-9.1467947,,Campo Pequeno,stop,,stop_position,yes,,,,,,,,,,,,,,,,,,,,,,,,,,,,,,,,,,,,,,,,,,,,,,
node,247051839,38.7201088,-9.1548457,,Rato,stop,,stop_position,yes,,,,,,,,,,,,,,,,,,,,,,,,,,,,,,,,,,,,,,,,,,,,,,
node,256674213,38.7295152,-9.150259,,Parque,stop,,stop_position,yes,,,,,,,,,,,,,,,,,,,,,,,,,,,,,,,,,,,,,,,,,,,,,,
node,256972634,38.7394453,-9.1239422,,Olaias,stop,,stop_position,yes,,,,,,,,,,,,,,,,,,,,,,,,,,,,,,,,,,,,,,,,,,,,,,
node,256975148,38.7475415,-9.1176782,,Bela Vista,stop,,stop_position,yes,,,,,,,,,,,,,,,,,,,,,,,,,,,,,,,,,,,,,,,,,,,,,,
node,256975157,38.7548276,-9.1138872,,Chelas,stop,,stop_position,yes,,,,,,,,,,,,,,,,,,,,,,,,,,,,,,,,,,,,,,,,,,,,,,
node,256975169,38.7629773,-9.1040551,,Cabo Ruivo,stop,,stop_position,yes,,,,,,,,,,,,,,,,,,,,,,,,,,,,,,,,,,,,,,,,,,,,,,
node,256976574,38.737684,-9.1592473,,Praça de Espanha,station,,station,yes,,Metropolitano de Lisboa,subway,https://www.metrolisboa.pt/viajar/praca-de-espanha/,Q605303,pt:Estação Praça de Espanha,,,,,,,,,,,,,,,,,,,,,,,,,,,,,,,,,,,,,,,,
node,256978160,38.7420882,-9.1689132,,Jardim Zoológico,station,,station,yes,,Metropolitano de Lisboa,subway,https://www.metrolisboa.pt/viajar/jardim-zoologico/,Q2037057,pt:Estação Jardim Zoológico,Zoologischer Garten,,,,,,,,,,,,,,,,,,,,,,,,,,,,,,,,,,,,,,,
node,256978165,38.7482497,-9.1730362,,Laranjeiras,station,no,station,yes,,Metropolitano de Lisboa,subway,https://www.metrolisboa.pt/viajar/alto-dos-moinhos/,Q962631,pt:Estação Laranjeiras,,,,,,,,,,,,,,,,,,,,,,,,,,,,,,,,,,,,,,,,
node,256978170,38.7498954,-9.1797946,,Alto dos Moinhos,station,,station,yes,,Metropolitano de Lisboa,subway,https://www.metrolisboa.pt/viajar/alto-dos-moinhos/,Q639045,pt:Estação Alto dos Moinhos,,,,,,,,,,,,,,,,,,,,,,,,,,,,,,,,,,,,,,,,
node,256978583,38.7534253,-9.1892531,,Colégio Militar/Luz,stop,,stop_position,yes,,,,,,,,,,,,,,,,,,,,,,,,,,,,,,,,,,,,,,,,,,,,,,
node,256979289,38.7592285,-9.1927134,,Carnide,station,limited,station,yes,,Metropolitano de Lisboa,subway,https://www.metrolisboa.pt/viajar/carnide/,Q1659995,pt:Estação Carnide,,,,,,,,,,,,,,,,,,,,,,,,,,,,,,,,,,,,,,,,
node,256981321,38.7603342,-9.2045596,-2,Alfornelos,,,stop_position,yes,Metropolitano de Lisboa,"Metropolitano de Lisboa, E.P.E.",subway,,,,,,,,,,,,,,,,,,,,,,,,,,,,,,,,,,,,,,,,,,,
node,256981325,38.7584244,-9.2183301,,Amadora Este,station,,station,yes,,Metropolitano de Lisboa,subway,https://www.metrolisboa.pt/viajar/amadora-este/,Q1399674,pt:Estação Amadora Este,,2004-05-15,,,,,,,,,,,,,,,,,,,,,,,,,,,,,,,,,,,,,,
node,265290986,38.7105685,-9.1420642,-0.4,Baixa-Chiado,subway_entrance,no,,,,,,,,,,,,,,,,,,,,,,,,,,,,,,,,,,,,,,,,,,,,,,,,
node,376031049,38.7380153,-9.1601944,,Praça de Espanha,subway_entrance,,,,,,,,,,,,,,,,,,,,,,,,,,,,,,,,,,,,,,,,,,,,,,,,,
node,376811849,38.7153799,-9.1409911,,Restauradores,subway_entrance,no,,,,,,,,,,,,,,,,,,,,,,,,,,,,,,,,,,,,,,,,,,,,,,,,
node,376811870,38.7151077,-9.1415437,,Restauradores,subway_entrance,no,,,,,,,,,,,,,,,,,,,,,,,,,,,,,,,,,,,,,,,,,,,,,,,,
node,494451977,38.7421755,-9.1686961,,Jardim Zoológico,subway_entrance,,,,,,,,,,Zoologischer Garten,,,,,,,,,,,,,,,,,,,,,,,,,,,,,,,,,,,,,,,
node,494451978,38.7424084,-9.1683109,,Jardim Zoológico,subway_entrance,,,,,,,,,,Zoologischer Garten,,,,,,,,,,,,,,,,,,,,,,,,,,,,,,,,,,,,,,,
node,600134721,38.7190102,-9.144831,,Avenida,stop,,stop_position,yes,,,,,,,,,,,,,,,,,,,,,,,,,,,,,,,,,,,,,,,,,,,,,,
node,1118902552,38.7066678,-9.1348826,-1,Terreiro do Paço,subway_entrance,no,,,,,,,,,,,no,door,,,,,,,,,,,,,,,,,,,,,,,,,,,,,,,,,,,,
node,1118902554,38.7074551,-9.13544,-1,Terreiro do Paço,subway_entrance,no,,,,,,,Q999002,pt:Praça do Comércio,,,no,door,yes,,,,,,,,,,,,,,,,,,,,,,,,,,,,,,,,,,,
node,1118902561,38.713519,-9.1223465,,Santa Apolónia,subway_entrance,no,,,,,,,,,,,,,,,,,,,,,,,,,,,,,,,,,,,,,,,,,,,,,,,,
node,1118902564,38.7136445,-9.1222077,,Santa Apolónia,subway_entrance,no,,,,,,,,,,,,,,,,,,,,,,,,,,,,,,,,,,,,,,,,,,,,,,,,
node,1118902569,38.7069776,-9.1335978,,Terreiro do Paço,subway_entrance,no,,,,,,,,,,,,,,,,,,,,,,,,,,,,,,,,,,,,,,,,,,,,,,,,
node,1119839341,38.7250293,-9.1491337,-1,Acesso 1,subway_entrance,no,,,,,,,,,,,,,,,,,,,,,,,,,,,,,,,,,,,,,,,,,,,,,,,,
node,1121125543,38.7245926,-9.1500222,,Acesso 3,subway_entrance,no,,,,,,,,,,,,,,,,,,,,,,,,,,,,,,,,,,,,,,,,,,,,,,,,
node,1121125634,38.7246142,-9.1498056,,Acesso 2,subway_entrance,no,,,,,,,,,,,,,,,,,,,,,,,,,,,,,,,,,,,,,,,,,,,,,,,,
node,1122508338,38.7679575,-9.1555852,0;-0.5,Quinta das Conchas,subway_entrance,,,,,,,,,,,,,,,,,,,,,,,,,,,,,,,,,,,,,,,,,,,,,,,,,
node,1122508342,38.7671253,-9.1553957,0;-0.5,Quinta das Conchas,subway_entrance,,,,,,,,,,,,,,,,,,,,,,,,,,,,,,,,,,,,,,,,,,,,,,,,,
node,1122508345,38.7728471,-9.1598245,,Lumiar,subway_entrance,no,,,,,,,,,,,,,,,,,,,,,,,,,,,,,,,,,,,,,,,,,,,,,,,,
node,1122508348,38.7483759,-9.1415929,,Roma,subway_entrance,no,,,,,,,,,,,,,,,,,,,,,,,,,,,,,,,,,,,,,,,,,,,,,,,,
node,1122508364,38.713849,-9.1389018,-1,Rossio,subway_entrance,no,,,,,,,,,,,no,door,,,,,,,,,,,,,,,,,,,,,,,,,,,,,,,,,,,,
node,1122508367,38.7489128,-9.1414876,,Roma,subway_entrance,no,,,,,,,,,,,,,,,,,,,,,,,,,,,,,,,,,,,,,,,,,,,,,,,,
node,1122508368,38.7230385,-9.1353572,,Intendente,subway_entrance,no,,,,,,,,,,,,,,,,,,,,,,,,,,,,,,,,,,,,,,,,,,,,,,,,
node,1122508370,38.7334172,-9.1344205,,Arroios,subway_entrance,no,,,,,,,,,,,,,,,,,,,,,,,,,,,,,,,,,,,,,,,,,,,,,,,,
node,1122508386,38.7728866,-9.1593249,,Lumiar,subway_entrance,no,,,,,,,,,,,,,yes,,,,,,,,,,,,,,,,,,,,,,,,,,,,,,,,,,,
node,1122508390,38.7150845,-9.1414137,-1-0,Restauradores,subway_entrance,no,,,,,,,,,,,,,,,,,,,,,,,,,,,,,,,,,,,,,,,,,,,,,,,,
node,1122508393,38.7672461,-9.1557582,0;-1,Quinta das Conchas,subway_entrance,no,,,,,,,,,,,,,,,,,,,,,,,,,,,,,,,,,,,,,,,,,,,,,,,,
node,1122508396,38.7140193,-9.1384114,,Rossio,subway_entrance,no,,,,,,,,,,,,,,,,,,,,,,,,,,,,,,,,,,,,,,,,,,,,,,,,
node,1122508408,38.7429462,-9.1334808,,Areeiro,subway_entrance,no,,,,,,,,,,,,,,,,,,,,,,,,,,,,,,,,,,,,,,,,,,,,,,,,
node,1122508410,38.7524692,-9.1434604,,Alvalade,subway_entrance,no,,,,,,,,,,,,,,,,,,,,,,,,,,,,,,,,,,,,,,,,,,,,,,,,
node,1122508428,38.7168228,-9.1356948,,Martim Moniz,subway_entrance,no,,,,,,,,,,,,,,,,,,,,,,,,,,,,,,,,,,,,,,,,,,,,,,,,
node,1122508431,38.7428943,-9.1336524,,Areeiro,subway_entrance,no,,,,,,,,,,,,,,,,,,,,,,,,,,,,,,,,,,,,,,,,,,,,,,,,
node,1122508432,38.7375743,-9.1339999,,Alameda,subway_entrance,no,,,,,,,,,,,,,,,,,,,,,,,,,,,,,,,,,,,,,,,,,,,,,,,,
node,1122508434,38.7228422,-9.1351792,,Intendente,subway_entrance,no,,,,,,,,,,,,,,,,,,,,,,,,,,,,,,,,,,,,,,,,,,,,,,,,
node,1122508435,38.7794042,-9.1594322,,Azinhaga da Cidade,subway_entrance,,,,,,,,,,,,,,,,,,,,,,,,,,,,,,,,,,,,,,,,,,,,,,,,,
node,1122508445,38.7224663,-9.1354148,,Intendente,subway_entrance,no,,,,,,,,,,,,,,,,,,,,,,,,,,,,,,,,,,,,,,,,,,,,,,,,
node,1122508448,38.7537969,-9.1445193,,Alvalade,subway_entrance,no,,,,,,,,,,,,,,,,,,,,,,,,,,,,,,,,,,,,,,,,,,,,,,,,
node,1122508451,38.7523881,-9.1437704,,Alvalade,subway_entrance,no,,,,,,,,,,,,,,,,,,,,,,,,,,,,,,,,,,,,,,,,,,,,,,,,
node,1122508456,38.7377117,-9.1336941,,Alameda,subway_entrance,no,,,,,,,,,,,,,,,,,,,,,,,,,,,,,,,,,,,,,,,,,,,,,,,,
node,1122508465,38.7376034,-9.1335744,,Alameda,subway_entrance,no,,,,,,,,,,,,,,,,,,,,,,,,,,,,,,,,,,,,,,,,,,,,,,,,
node,1122508468,38.7372493,-9.1336284,,Alameda,subway_entrance,no,,,,,,,,,,,,,,,,,,,,,,,,,,,,,,,,,,,,,,,,,,,,,,,,
node,1122508486,38.779854,-9.1596549,,Escola Básica nº 109,subway_entrance,,,,,,,,,,,,,,,,,,,,,,,,,,,,,,,,,,,,,,,,,,,,,,,,,
node,1122508491,38.736695,-9.1319657,,Alameda,subway_entrance,no,,,,,,,,,,,,,,,,,,,,,,,,,,,,,,,,,,,,,,,,,,,,,,,,
node,1122508495,38.7169042,-9.1363698,,Martim Moniz,subway_entrance,no,,,,,,,,,,,,,,,,,,,,,,,,,,,,,,,,,,,,,,,,,,,,,,,,
node,1122508498,38.7372755,-9.1340221,,Alameda,subway_entrance,no,,,,,,,,,,,,,,,,,,,,,,,,,,,,,,,,,,,,,,,,,,,,,,,,
node,1122508511,38.7139778,-9.1389526,-1,Rossio,subway_entrance,no,,,,,,,,,,,no,door,,,,,,,,,,,,,,,,,,,,,,,,,,,,,,,,,,,,
node,1122508516,38.7377373,-9.1338848,,Alameda,subway_entrance,no,,,,,,,,,,,,,,,,,,,,,,,,,,,,,,,,,,,,,,,,,,,,,,,,
node,1122508519,38.7366504,-9.1326846,,Alameda,subway_entrance,no,,,,,,,,,,,,,,,,,,,,,,,,,,,,,,,,,,,,,,,,,,,,,,,,
node,1122508523,38.7333947,-9.1340326,,Arroios,subway_entrance,no,,,,,,,,,,,,,,,,,,,,,,,,,,,,,,,,,,,,,,,,,,,,,,,,
node,1122508538,38.7538819,-9.1442573,,Alvalade,subway_entrance,no,,,,,,,,,,,,,,,,,,,,,,,,,,,,,,,,,,,,,,,,,,,,,,,,
node,1122508539,38.7728067,-9.1595744,,Lumiar,subway_entrance,no,,,,,,,,,,,,,,,,,,,,,,,,,,,,,,,,,,,,,,,,,,,,,,,,
node,1122508541,38.7488049,-9.1418427,,Roma,subway_entrance,no,,,,,,,,,,,,,,,,,,,,,,,,,,,,,,,,,,,,,,,,,,,,,,,,
node,1122550663,38.7584417,-9.2191236,,Amadora Este,subway_entrance,,,,,,,,,,,,,,,,,,,,,,,,,,,,,,,,,,,,,,,,,,,,,,,,,
node,1122550669,38.7582342,-9.2179997,,Amadora Este,subway_entrance,,,,,,,,,,,,,,,,,,,,,,,,,,,,,,,,,,,,,,,,,,,,,,,,,
node,1122550683,38.7593071,-9.1923072,,Avenida Marechal Teixeira Rebelo / Estrada da Correia,subway_entrance,,,,,,,,,,,,,,,,,,,,,,,,,,,,,,,,,,,,,,,,,,,,,,,,,
node,1122550704,38.7495991,-9.179913,,Alto dos Moínhos,subway_entrance,,,,,,,,,,,,,,,,,,,,,,,,,,,,,,,,,,,,,,,,,,,,,,,,,
node,1122550715,38.7340605,-9.1442045,,"Praça Duque de Saldanha, Avenida Praia da Vitória, Avenida Defensores de Chaves, Avenida Casal Ribeiro",subway_entrance,no,,,,,,,,,,,,,,,,,,,,,,,,,,,,,,,,,,,,,,,,,,,,,,,,
node,1122550719,38.7338635,-9.1455777,,"Praça Duque de Saldanha, Avenida Praia da Vitória, Avenida Fontes Pereira de Melo, Rua das Picoas, Avenida 5 de Outubro",subway_entrance,no,,,,,,,,,,,,,,,,,,,,,,,,,,,,,,,,,,,,,,,,,,,,,,,,
node,1122550724,38.7458721,-9.1482102,,Avenida da República / Avenida 5 de Outubro,subway_entrance,no,,,,,,,,,,,,,,,,,,,,,,,,,,,,,,,,,,,,,,,,,,,,,,,,
node,1122550731,38.7451603,-9.1480396,,Avenida da República / Avenida 5 de Outubro,subway_entrance,no,,,,,,,,,,,,,,,,,,,,,,,,,,,,,,,,,,,,,,,,,,,,,,,,
node,1122550735,38.7593208,-9.1927923,,Avenida Marechal Teixeira Rebelo / Rua Eduardo Viana,subway_entrance,,,,,,,,,,,,,,,,,,,,,,,,,,,,,,,,,,,,,,,,,,,,,,,,,
node,1122550749,38.7464979,-9.1476371,,Avenida da República (nascente) / Rua de Entre Campos,subway_entrance,no,,,,,,,,,,,,,,,,,,,,,,,,,,,,,,,,,,,,,,,,,,,,,,,,
node,1122550758,38.7587349,-9.2183874,,Amadora Este,subway_entrance,,,,,,,,,,,,,,,,,,,,,,,,,,,,,,,,,,,,,,,,,,,,,,,,,
node,1122550786,38.7377659,-9.159973,,Praça de Espanha,subway_entrance,,,,,,,,,,,,,,,,,,,,,,,,,,,,,,,,,,,,,,,,,,,,,,,,,
node,1122550807,38.7533837,-9.1897586,,Colégio Militar/Luz,subway_entrance,,,,,,,,,,,,,,,,,,,,,,,,,,,,,,,,,,,,,,,,,,,,,,,,,
node,1122550814,38.7537622,-9.1894164,,Colégio Militar/Luz,subway_entrance,yes,,,,,,http://metro.transporteslisboa.pt/,,,,,,,,Lisboa,,,,,,,,,,,,,,,,,,,,,,,,,,,,,,,,,,
node,1122550827,38.7496321,-9.1802804,,Alto dos Moínhos,subway_entrance,,,,,,,,,,,,,,,,,,,,,,,,,,,,,,,,,,,,,,,,,,,,,,,,,
node,1122550828,38.7414813,-9.1680382,,Jardim Zoológico,subway_entrance,,,,,,,,,,,,,,,,,,,,,,,,,,,,,,,,,,,,,,,,,,,,,,,,,
node,1122550868,38.7401051,-9.1460674,,Campo Pequeno,subway_entrance,no,,,,,,,,,,,,,,,,,,,,,,,,,,,,,,,,,,,,,,,,,,,,,,,,
node,1122550886,38.7533381,-9.1886427,,Colégio Militar/Luz,subway_entrance,,,,,,,http://metro.transporteslisboa.pt/,,,,,,,,Lisboa,,,,,,,,,,,,,,,,,,,,,,,,,,,,,,,,,,
node,1122550889,38.7310118,-9.1470511,0;-1,Picoas,subway_entrance,no,,,,,,,,,,,,,,,,,,,,,,,,,,,,,,,,,,,,,,,,,,,,,,,,
node,1122550890,38.751152,-9.1592903,,Cidade Universitária,subway_entrance,no,,,,,,,,,,,,,,,,,,,,,,,,,,,,,,,,,,,,,,,,,,,,,,,,
node,1122550893,38.73081,-9.1469173,0;-1,Picoas,subway_entrance,no,,,,,,,,,,,,,,,,,,,,,,,,,,,,,,,,,,,,,,,,,,,,,,,,
node,1122550904,38.7420072,-9.1693433,,Jardim Zoológico,subway_entrance,,,,,,,,,,Zoologischer Garten,,,,,,,,,,,,,,,,,,,,,,,,,,,,,,,,,,,,,,,
node,1122550907,38.7414546,-9.1470196,,Avenida da República (poente); Avenida de Berna,subway_entrance,no,,,,,,,,,,,,,,,,,,,,,,,,,,,,,,,,,,,,,,,,,,,,,,,,
node,1122550929,38.7509277,-9.1590301,,Cidade Universitária,subway_entrance,no,,,,,,,,,,,,,,,,,,,,,,,,,,,,,,,,,,,,,,,,,,,,,,,,
node,1122550946,38.746313,-9.1482661,,Avenida da República (poente),subway_entrance,no,,,,,,,,,,,,,,,,,,,,,,,,,,,,,,,,,,,,,,,,,,,,,,,,
node,1122550968,38.7378949,-9.1587644,,Praça de Espanha,subway_entrance,,,,,,,,,,,,,,,,,,,,,,,,,,,,,,,,,,,,,,,,,,,,,,,,,
node,1122550974,38.7599242,-9.2042347,0;-1,Rua Teófilo Braga; Rua Adriano Correia de Oliveira,subway_entrance,no,,,,,,,,,,,,,,,,,,,,,,,,,,,,,,,,,,,,,,,,,,,,,,,,
node,1122550985,38.7599189,-9.2045958,0;-1,Rua Teófilo Braga; Rua Adriano Correia de Oliveira,subway_entrance,no,,,,,,,,,,,,,,,,,,,,,,,,,,,,,,,,,,,,,,,,,,,,,,,,
node,1122550997,38.7529573,-9.1889821,,Colégio Militar/Luz,subway_entrance,,,,,,,,,,,,,,,,,,,,,,,,,,,,,,,,,,,,,,,,,,,,,,,,,
node,1122551004,38.7587961,-9.1926884,,Avenida Marechal Teixeira Rebelo / Rua Guiomar Torresão,subway_entrance,yes,,,,,,,,,,,,,,,,,,,,,,,,,,,,,,,,,,,,,,,,,,,,,,,,
node,1122551015,38.7477502,-9.1485315,,Avenida das Forças Armadas,subway_entrance,no,,,,,,,,,,,,,,,,,,,,,,,,,,,,,,,,,,,,,,,,,,,,,,,,
node,1122689128,38.7153169,-9.1410079,-1-0,Restauradores,subway_entrance,no,,,,,,,,,,,,,,,,,,,,,,,,,,,,,,,,,,,,,,,,,,,,,,,,
node,1122703835,38.7201296,-9.1540331,,"Largo do Rato, Rua do Salitre, Rua Alexandre Herculano, Rua da Escola Politécnica",subway_entrance,no,,,,,,,,,,,,,,,,,,,,,,,,,,,,,,,,,,,,,,,,,,,,,,,,
node,1122703892,38.7201819,-9.1556826,,"Largo do Rato, Rua das Amoreiras, Avenida Álvares Cabral, Rua de São Bento",subway_entrance,no,,,,,,,,,,,,,,,,,,,,,,,,,,,,,,,,,,,,,,,,,,,,,,,,
node,1123933002,38.7610428,-9.1113764,0;-1,Olivais,subway_entrance,no,,,,,,,,,,,,,,,,,,,,,,,,,,,,,,,,,,,,,,,,,,,,,,,,
node,1123933006,38.7631974,-9.1040676,,"Avenida de Pádua, Avenida Infante Dom Henrique",subway_entrance,no,,,,,,,,,,,,,,,,,,,,,,,,,,,,,,,,,,,,,,,,,,,,,,,,
node,1123933021,38.7477176,-9.1185213,,Bela Vista,subway_entrance,,,,,,,,,,,,,,,,,,,,,,,,,,,,,,,,,,,,,,,,,,,,,,,,,
node,1123933031,38.7602738,-9.1119533,0;-1,Olivais,subway_entrance,no,,,,,,,,,,,,,,,,,,,,,,,,,,,,,,,,,,,,,,,,,,,,,,,,
node,1123933051,38.7552586,-9.1140982,,Avenida Doutor Augusto de Castro;Rua Engenheiro Rodrigues de Carvalho,subway_entrance,no,,,,,,,,,,,,,,,,,,,,,,,,,,,,,,,,,,,,,,,,,,,,,,,,
node,1123933055,38.7612741,-9.1120078,0;-1,Olivais,subway_entrance,no,,,,,,,,,,,,,,,,,,,,,,,,,,,,,,,,,,,,,,,,,,,,,,,,
node,1123933057,38.7607189,-9.1121728,0;-1,Olivais,subway_entrance,no,,,,,,,,,,,,,,,,,,,,,,,,,,,,,,,,,,,,,,,,,,,,,,,,
node,1123933061,38.7477558,-9.1167401,,Bela Vista,subway_entrance,,,,,,,,,,,,,,,,,,,,,,,,,,,,,,,,,,,,,,,,,,,,,,,,,
node,1123933063,38.7391941,-9.123652,,Olaias,subway_entrance,,,,,,,,,,,,,,,,,,,,,,,,,,,,,,,,,,,,,,,,,,,,,,,,,
node,1123933078,38.7544661,-9.1137257,,Avenida Doutor Augusto de Castro;Rua Actriz Palmira Bastos,subway_entrance,no,,,,,,,,,,,,,,,,,,,,,,,,,,,,,,,,,,,,,,,,,,,,,,,,
node,1123933098,38.7477582,-9.1183097,,Bela Vista,subway_entrance,,,,,,,,,,,,,,,,,,,,,,,,,,,,,,,,,,,,,,,,,,,,,,,,,
node,1123933106,38.7400383,-9.1240654,,Olaias,subway_entrance,yes,,,,,,,,,,,,,,,,,,,,,,,,,,,,,,,,,,,,,,,,,,,,,,,,
node,1124214067,38.7485566,-9.1724309,,Laranjeira,subway_entrance,,,,,,,,,,,,,,,,,,,,,,,,,,,,,,,,,,,,,,,,,,,,,,,,,
node,1124214166,38.748433,-9.1727429,,Laranjeira,subway_entrance,,,,,,,,,,,,,,,,,,,,,,,,,,,,,,,,,,,,,,,,,,,,,,,,,
node,1135498726,38.7222726,-9.1352379,,Intendente,subway_entrance,no,,,,,,,,,,,,,,,,,,,,,,,,,,,,,,,,,,,,,,,,,,,,,,,,
node,1586066468,38.7348907,-9.144811,,"Avenida da República (sul), Avenida Duque de Ávila",subway_entrance,no,,,,,,,,,,,,,,,knowledge,,,,,,,,,,,,,,,,,,,,,,,,,,,,,,,,,
node,1678697820,38.7934744,-9.1730287,,Rua Egas Moniz / Rua Álvaro Campos,subway_entrance,limited,,,,,,,,,,,,,,,,,,,,,,,,,,,,,,,,,,,,,,,,,,,,,,,,
node,1678698096,38.793245,-9.1731151,,Rua Egas Moniz / Rua José Gomes Monteiro,subway_entrance,limited,,,,,,,,,,,,,,,,,,,,,,,,,,,,,,,,,,,,,,,,,,,,,,,,
node,1696909109,38.7136788,-9.1224278,,Santa Apolónia,stop,,stop_position,yes,,,,,,,,,,,,,,-1,,,,,,,,,,,,,,,,,,,,,,,,,,,,,,,,
node,1735446290,38.7334037,-9.1526451,,"Avenida António Augusto de Aguiar, Rua Carlos Testa",subway_entrance,no,,,,,,,,,,,,,,,,,,,,,,,,,,,,,,,,,,,,,,,,,,,,,,,,
node,1788785587,41.1483381,-8.6106958,,,subway_entrance,no,,,,,,,,,,,,,,,bing,,,,,,,,,,,,,,,,,,,,,,,,,,,,,,,,,
node,1788785617,41.1484719,-8.5987128,,,subway_entrance,yes,,,,,,,,,,,,,,,bing,,,,,,,,,,,,,,,,,,,,,,,,,,,,,,,,,
node,1788785647,41.1486014,-8.5982789,,,subway_entrance,no,,,,,,,,,,,,,,,bing,,,,,,,,,,,,,,,,,,,,,,,,,,,,,,,,,
node,1788785661,41.1485971,-8.6106115,,,subway_entrance,no,,,,,,,,,,,,,,,bing,,2022-05-30,,,,,,,,,,,,,,,,,,,,,,,,,,,,,,,
node,1788785711,41.1489741,-8.5985918,,,subway_entrance,no,,,,,,,,,,,,,,,bing,,,,,,,,,,,,,,,,,,,,,,,,,,,,,,,,,
node,1788787458,41.1569143,-8.6091706,,,subway_entrance,no,,,,,,,,,,,,,,,,,,,,,,,,,,,,,,,,,,,,,,,,,,,,,,,,
node,1788787719,41.1575244,-8.6091934,,,subway_entrance,no,,,,,,,,,,,,,,,bing,,,,,,,,,,,,,,,,,,,,,,,,,,,,,,,,,
node,1800615079,38.7297461,-9.1501975,,Parque,subway_entrance,no,,,,,,,,,,,,,,,,,,,,,,,,,,,,,,,,,,,,,,,,,,,,,,,,
node,1805482882,38.7187697,-9.144617,,Avenida,subway_entrance,no,,,,,,,,,,,,,,,,,,,,,,,,,,,,,,,,,,,,,,,,,,,,,,,,
node,1830679356,38.7138694,-9.1225949,,Santa Apolónia,subway_entrance,yes;no,,,,,,,,,,,,,,,,,,elevator,,,,,,,,,,,,,,,,,,,,,,,,,,,,,,
node,1831350951,38.7749313,-9.1157797,,Rua General Silva Freire (sul),subway_entrance,no,,,,,,,,,,,,,,,,,,,,,,,,,,,,,,,,,,,,,,,,,,,,,,,,
node,1849064176,38.7603423,-9.1579635,,Campo Grande,subway_entrance,no,,,,,,,,,,,,,,,,,,,,,,,,,,,,,,,,,,,,,,,,,,,,,,,,
node,1864139682,38.7750856,-9.1028807,,Rua 1º de Maio (nascente),subway_entrance,no,,,,,,,,,,,,,,,,,,,,,,,,,,,,,,,,,,,,,,,,,,,,,,,,
node,1864139685,38.7750736,-9.1030525,,"Rua 1º de Maio (poente), Rua Almirante Gago Coutinho",subway_entrance,no,,,,,,,,,,,,,,,,,,,,,,,,,,,,,,,,,,,,,,,,,,,,,,,,
node,1914270652,38.7752156,-9.1158483,,Rua General Silva Freire (norte),subway_entrance,no,,,,,,,,,,,,,,,,,,,,,,,,,,,,,,,,,,,,,,,,,,,,,,,,
node,1940783144,38.7402896,-9.1665075,,Jardim Zoológico,subway_entrance,,,,,,,,,,,,,,,,,,,,,,,,,,,,,,,,,,,,,,,,,,,,,,,,,
node,1940783150,38.7403152,-9.167079,,Jardim Zoológico,subway_entrance,,,,,,,,,,,,,,,,,,,,,,,,,,,,,,,,,,,,,,,,,,,,,,,,,
node,2122598606,38.7741327,-9.1598028,,Lumiar,subway_entrance,no,,,,,,,,,,,,,yes,,,,,,,,,,,,,,,,,,,,,,,,,,,,,,,,,,,
node,2122598611,38.7742936,-9.1596751,,Lumiar,subway_entrance,no,,,,,,,,,,,,,yes,,,,,,,,,,,,,,,,,,,,,,,,,,,,,,,,,,,
node,2182353199,38.7519527,-9.1586166,,Cidade Universitária,subway_entrance,no,,,,,,,,,,,,,,,,,,,,,,,,,,,,,,,,,,,,,,,,,,,,,,,,
node,2228738523,41.1522381,-8.6089773,2,Rua Gonçalo Cristovão;Rua do Bonjardim,subway_entrance,,,,,,,,,,,,,,,,,,,,,,,,,,,,,,,,,,,,,,,,,,,,,,,,,
node,2330953717,38.7200213,-9.1456315,,Avenida,subway_entrance,no,,,,,,,,,,,,,,,,,2023-04-16,,,,,,,,,,,,,,,,,,,,,,,,,,,,,,,
node,2333165060,38.7686326,-9.1280417,,Aeroporto,subway_entrance,,,,,,,,Q744682,,,,,,,,,,,,,,,,,,,,,,,,,,,,,,,,,,,,,,,,,
node,2354350217,41.1487622,-8.6113004,,,subway_entrance,no,,,,,,,,,,,,,,,,,,,,,,,,,,,,,,,,,,,,,,,,,,,,,,,,
node,2354350232,41.1484775,-8.6113155,,,subway_entrance,no,,,,,,,,,,,,,,,,,,,,,,,,,,,,,,,,,,,,,,,,,,,,,,,,
node,2356764646,41.1441065,-8.6106958,,,subway_entrance,no,,,,,,,,,,,,,,,,,,,,,,,,,,,,,,,,,,,,,,,,,,,,,,,,
node,2356764683,41.1450743,-8.6106992,,,subway_entrance,no,,,,,,,,,,,,,,,,,,,,,,,,,,,,,,,,,,,,,,,,,,,,,,,,
node,2356764710,41.1452515,-8.6110321,,,subway_entrance,no,,,,,,,,,,,,,,,,,2022-05-30,,,,,,,,,,,,,,,,,,,,,,,,,,,,,,,
node,2356764729,41.1441357,-8.6105287,,,subway_entrance,no,,,,,,,,,,,,,,,,,,,,,,,,,,,,,,,,,,,,,,,,,,,,,,,,
node,2367434580,41.1496319,-8.6065877,,,subway_entrance,,,,,,,,,,,,,,,,,,,,,,,,,,,,,,,,,,,,,,,,,,,,,,,,,
node,2367434594,41.1498025,-8.6064948,,,subway_entrance,no,,,,,,,,,,,,,,,,,,,,,,,,,,,,,,,,,,,,,,,,,,,,,,,,
node,2375419752,41.1497915,-8.6060337,-1,,subway_entrance,no,,,,,,,,,,,,,,,,,,,,,,,,,,,,,,,,,,,,,,,,,,,,,,,,
node,2472271861,38.7353456,-9.1455359,,Avenida da República(poente); Avenida João Crisóstomo (poente),subway_entrance,no,,,,,,,,,,,,,,,knowledge,,,,,,,,,,,,,,,,,,,,,,,,,,,,,,,,,
node,2472271862,38.7354634,-9.1449522,,Avenida da República (nascente); Avenida João Crisóstomo (nascente),subway_entrance,no,,,,,,,,,,,,,,,knowledge,,,,,,,,,,,,,,,,,,,,,,,,,,,,,,,,,
node,2477982550,38.7537971,-9.1883147,,Colégio Militar/Luz,subway_entrance,,,,,,,http://metro.transporteslisboa.pt/,,,,,,,,Lisboa,,,,,1500-909,,,,,,,,,,,,,,,,,,,,,,,,,,,,,
node,2481048017,38.7556617,-9.1139265,,Rua Conselheiro Emídio Navarro (ISEL);Rua André Vidal Negreiros,subway_entrance,no,,,,,,,,,,,,,,,,,,,,,,,,,,,,,,,,,,,,,,,,,,,,,,,,
node,2485068039,38.7676464,-9.0986207,,,subway_entrance,yes,,,,,,,,,,,,,,,,,,,,,,,,,,,,,,,,,,,,,,,,,,,,,,,,
node,2485068191,38.7679532,-9.0985912,,,subway_entrance,yes,,,,,,,,,,,,,,,,,,,,,,,,,,,,,,,,,,,,,,,,,,,,,,,,
node,2508703381,38.7485119,-9.1490074,,Jardim do Campo Grande,subway_entrance,no,,,,,,,,,,,,,,,,,,,,,,,,,,,,,,,,,,,,,,,,,,,,,,,,
node,2512560517,38.7164246,-9.1426892,,Restauradores,subway_entrance,no,,,,,,,,,,,,,,,,,,,,,,,,,,,,,,,,,,,,,,,,,,,,,,,,
node,2512560518,38.7165063,-9.1425287,,Restauradores,subway_entrance,no,,,,,,,,,,,,,,,,,,,,,,,,,,,,,,,,,,,,,,,,,,,,,,,,
node,2591895781,38.7418965,-9.1330688,,Avenida Almirante Reis (nascente) / Avenida Afonso Costa,subway_entrance,no,,,,,,,,,,,,,,,,,,,,,,,,,,,,,,,,,,,,,,,,,,,,,,,,
node,2690518317,38.7534823,-9.1439228,,Alvalade,subway_entrance,no,,,,,,,,,,,,,,,,,,,,,,,,,,,,,,,,,,,,,,,,,,,,,,,,
node,2760245696,38.7278464,-9.1346764,,Anjos,subway_entrance,no,,,,Metropolitano de Lisboa,,,,,,,,,,,,,,,,,,,,,,,,,,,,,,,,,,,,,,,,,,,,
node,2789492889,41.1608286,-8.6282337,-1,Casa da Música,subway_entrance,no,,,,,,,,,,,,,,,,,,,,,,,,,,,,,,,,,,,,,,,,,,,,,,,,
node,2789492890,41.1603362,-8.6283689,-1,Casa da Música,subway_entrance,no,,,,,,,,,,,,,,,,,,,,,,,,,,,,,,,,,,,,,,,,,,,,,,,,
node,2937819149,38.7345433,-9.1544839,,"Avenida Ressano Garcia, Bairro Azul",subway_entrance,no,,,,,,,,,,,,,,,,,,,,,,,,,,,,,,,,,,,,,,,,,,,,,,,,
node,2937819150,38.7350644,-9.1517973,,"Avenida Duque de Ávila (poente), Rua Marquês Sá da Bandeira, Rua Marquês de Fronteira, Rua Pinheiro Chagas",subway_entrance,,,,,,,,,,,,,,,,,,,,,,,,,,,,,,,,,,,,,,,,,,,,,,,,,
node,2937824494,38.7337798,-9.1539781,,El Corte Inglés,subway_entrance,,,,,,,,,,,,,,,,,,,,,,,,,,,,,,,,,,,,,,,,,,,,,,,,,
node,2952337779,38.7472293,-9.1406546,,Roma,subway_entrance,no,,,,,,,,,,,,,,,,,,,,,,,,,,,,,,,,,,,,,,,,,,,,,,,,
node,2952337821,38.7484567,-9.1413301,,Roma,subway_entrance,no,,,,,,,,,,,,,,,,,,,,,,,,,,,,,,,,,,,,,,,,,,,,,,,,
node,2966380038,38.7308811,-9.1461333,0;-1,Picoas,subway_entrance,no,,,,,,,,,,,,,,,,,,,,,,,,,,,,,,,,,,,,,,,,,,,,,,,,
node,3020942761,38.7353399,-9.1428093,,Avenida Duque de Ávila; Avenida Defensores de Chaves,subway_entrance,no,,,,,,,,,,,,,,,,,2023-04-28,,,,,,,,,,,,,,,,,,,,,,,,,,,,,,,
node,3020942762,38.7353479,-9.1425637,,Rua Dona Filipa de Vilhena; Rua Dona Estefânia,subway_entrance,no,,,,,,,,,,,,,,,,,2023-04-28,,,,,,,,,,,,,,,,,,,,,,,,,,,,,,,
node,3141074586,38.7603515,-9.1660343,0,Telheiras,subway_entrance,yes,,,,,,,,,,,,,,,,,,,,,,,,,,,,,,,,,,,,,,,,,,,,,,,,
node,3141074587,38.7598634,-9.1668724,0,Telheiras,subway_entrance,,,,,,,,,,,,,,,,,,,,,,,,,,,,,,,,,,,,,,,,,,,,,,,,,
node,3251152794,38.7299139,-9.1469629,0;-1,Picoas,subway_entrance,no,,,,,,,,,,,,,,,,,,,,,,,,,,,,,,,,,,,,,,,,,,,,,,,,
node,3251152795,38.7306478,-9.1464943,0;-1,Picoas,subway_entrance,no,,,,,,,,,,,,,,,,,,,,,,,,,,,,,,,,,,,,,,,,,,,,,,,,
node,3251718686,38.73006,-9.1473481,0;-1,Picoas,subway_entrance,no,,,,,,,,,,,,,,,,,,,,,,,,,,,,,,,,,,,,,,,,,,,,,,,,
node,3251806307,38.7355217,-9.1449643,,Avenida da República (nascente); Avenida João Crisóstomo (nascente),subway_entrance,no,,,,,,,,,,,,,,,,,,,,,,,,,,,,,,,,,,,,,,,,,,,,,,,,
node,3251806308,38.7348652,-9.1454091,,Avenida da República (sul),subway_entrance,no,,,,,,,,,,,,,,,,,2023-01-19,,,,,,,,,,,,,,,,,,,,,,,,,,,,,,,
node,3251927305,38.7235376,-9.1488622,-1,Acesso 7,subway_entrance,no,,,,,,,,,,,,,,,,,,,,permissive,,,,,,,,,,,,,,,,,,,,,,,,,,,,
node,3445723633,38.7203371,-9.1546937,,Largo do Rato,subway_entrance,yes,,,,,,,,,,,,,,,,,,elevator,,,,,,,,,,,,,,,,,,,,,,,,,,,,,,
node,3557799339,41.1611221,-8.6042969,,Marquês,subway_entrance,yes,,,,,,,,,,,,,,,,,2024-04-29,,,,,,,,,,,,,,,,,,,,,,,,,,,,,,,
node,3665250841,38.7737964,-9.1596564,,Lumiar,subway_entrance,yes,,,,,,,,,,,,,no,,,,,,,,yes,,,,,,,,,,,,,,,,,,,,,,,,,,,
node,3871232094,38.731971,-9.1344644,,Arroios,subway_entrance,no,,,,,,,Q1848374,pt:Estação Arroios,,,,,,,,,,,,,,,,,,,,,,,,,,,,,,,,,,,,,,,,
node,3871232095,38.7319591,-9.1342691,,Arroios,subway_entrance,no,,,,,,,Q1848374,pt:Estação Arroios,,,,,,,,,,,,,,,,,,,,,,,,,,,,,,,,,,,,,,,,
node,3897689884,41.1465424,-8.5929601,,,subway_entrance,yes,,,,,,,,,,,,,,,,,,,,,,,,,,,,,,,,,,,,,,,,,,,,,,,,
node,3897689885,41.1467563,-8.5930016,,,subway_entrance,yes,,,,,,,,,,,,,,,,,,,,,,,,,,,,,,,,,,,,,,,,,,,,,,,,
node,3939402959,41.1651822,-8.5986468,,Combatentes,subway_entrance,yes,,,,,,,,,,,,,,,,,,,,,,,,,,,,,,,,,,,,,,,,,,,,,,,,
node,3939407557,41.1497096,-8.6052096,,Acesso à estação do Bolhão,subway_entrance,yes,,,,,,,,,,,,,,,,,,,,,,,,,,,,,,,,,,,,,,,,,,,,,,,,
node,3939412757,41.1695597,-8.598874,,Salgueiros,subway_entrance,yes,,,,,,,,,,,,,,,,,,,,,,,,,,,,,,,,,,,,,,,,,,,,,,,,
node,3939648258,41.15862,-8.6222414,,Carolina Michaelis,subway_entrance,yes,,,,,,,,,,,,,,,,,,,,,,Carolina Michaëlis,,,,,,,,,,,,,,,,,,,,,,,,,,
node,3939659557,41.1824127,-8.6521802,,NorteShopping / Sete Bicas,station,yes,station,,,Metro do Porto,light_rail,,Q10276142,,,,,,,,,,,,,,,,5725,yes,Q29757,PRT2,,,,,,,,,,,,,,,,,,,,,,
node,3939661657,41.1654863,-8.6363513,,Francos,station,yes,station,,,Metro do Porto,light_rail,,Q10275813,,,,,,,,,,,,,,,,5711,yes,Q29757,PRT1,,,,,,,,,,,,,,,,,,,,,,
node,3939669457,41.1607507,-8.6294844,0,Casa da Música,subway_entrance,yes,,,,,,,,,,,,,,,,,,,,,,,,,,,,,,,,,,,,,,,,,,,,,,,,
node,3939687157,41.1610901,-8.5820094,,Estádio do Dragão,subway_entrance,yes,,,,,,,,,,,,,,,,,,,,,,,,,,,,,,,,,,,,,,,,,,,,,,,,
node,3939836094,41.1772361,-8.6465342,,Via Rápida / Viso,station,yes,station,,,Metro do Porto,light_rail,,Q10276227,,,,,,,,,,,,,,,,5729,yes,Q29757,PRT2,,,,,,,,,,,,,,,,,,,,,,
node,3941735761,41.1751821,-8.6036701,,Pólo Universitário,subway_entrance,no,,,,,,,,,,,,,,,,,,,,,,,,,,,,,,,,,,,,,,,,,,,,,,,,
node,3941781067,41.1143238,-8.6066088,,Santo Ovídio,subway_entrance,yes,,,,,,,,,,,,,,,,,,,,,,,,,,,,,,,,,,,,,,,,,,,,,,,,
node,3941781168,41.1831678,-8.6020267,,Hospital São João,subway_entrance,yes,,,,,,,,,,,,,,,,,,,,,,,,,,,,,,,,,,,,,,,,,,,,,,,,
node,3941863257,41.1574491,-8.6086672,,Faria Guimarães,subway_entrance,yes,,,,,,,,,,,,,,,,,,elevator,,,,,,,,,,,,,,,,,,,,,,,,,,,,,,
node,3941863261,41.1196686,-8.6062136,,Dom João II,subway_entrance,yes,,,,,,,Q10275683,,,,,,,,,,,,,,,,,,,,,,,,,,,,,,,,,,,,,,,,,
node,3941878957,41.1261241,-8.6056477,,João de Deus,subway_entrance,yes,,,,,,,,,,,,,,,,,,,,,,,,,,,,,,,,,,,,,,,,,,,,,,,,
node,3941918457,41.1729743,-8.6418485,,Ramalde,station,yes,station,,,Metro do Porto,light_rail,,Q10276085,,,,,,,,,,,,,,,,5721,yes,Q29757,PRT2,,,,,,,,,,,,,,,,,,,,,,
node,3996603757,41.1525171,-8.6093526,,Trindade,station,yes,station,,,Metro do Porto,light_rail,,Q162481,pt:Estação Trindade (Metro do Porto),,,,,,,,,,,,,,,5726,yes,Q29757,PRT1,,,,,,,,,,,,,,,,,,,,,,
node,4119252201,38.7521979,-9.2241149,,Reboleira,station,,station,yes,,Metropolitano de Lisboa,subway,https://www.metrolisboa.pt/viajar/reboleira/,Q23834392,pt:Estação Reboleira,,2016-04-13,,,,,,,,,,,,,,,,,2,,,,,,,,,,,,,,,,,,,,,
node,4186674624,38.768553,-9.1285374,,Aeroporto,subway_entrance,,,,,,,,Q744682,,,,,,yes,,,,,,,,yes,,,,,,,,,,,,,,,,,,,,,,,,,,,
node,4266720396,38.7278583,-9.1348716,,Anjos,subway_entrance,no,,,,Metropolitano de Lisboa,,,,,,,,,,,,,,,,,,,,,,,,,,,,,,,,,,,,,,,,,,,,
node,4267538019,38.7261522,-9.1348499,,Anjos,subway_entrance,no,,,,Metropolitano de Lisboa,,,,,,,,,,,,,,,,,,,,,,,,,,,,,,,,,,,,,,,,,,,,
node,4267538020,38.7261643,-9.1350428,,Anjos,subway_entrance,no,,,,Metropolitano de Lisboa,,,,,,,,,,,,,,,,,,,,,,,,,,,,,,,,,,,,,,,,,,,,
node,4267889600,38.7606567,-9.2046641,0;-1,Praça Teófilo Braga; Rua Damião de Góis,subway_entrance,no,,,,,,,,,,,,,,,,,,,,,,,,,,,,,,,,,,,,,,,,,,,,,,,,
node,4267915223,38.7590028,-9.1925109,,Carnide,subway_entrance,yes,,,,,,,,,,,,,,,,,,elevator,,,,,,,,,,,,,,,,,,,,,,,,,,,,,,
node,4285403791,38.7799034,-9.1599456,,Rua Vitorino Nemésio; Rua Jorge de Sena,subway_entrance,,,,,,,,,,,,,,,,,,,,,,,,,,,,,,,,,,,,,,,,,,,,,,,,,
node,4358242200,38.7504287,-9.2229638,,,subway_entrance,no,,,,,,,,,,,,,,,,,,,,,,,,,,,,,,,,,,,,,,,,,,,,,,,,
node,4358242209,38.7505235,-9.2232687,,,subway_entrance,yes,,,,,,,,,,,,,,,,,,,,,,,,,,,,,,,,,,,,,,,,,,,,,,,,
node,4378211629,41.1501575,-8.5856026,0,,subway_entrance,yes,,,,,,,,,,,,,,,,,,,,,,,,,,,,,,,,,,,,,,,,,,,,,,,,
node,4473551007,38.7678461,-9.099525,,Oriente,subway_entrance,yes,,,,,,,,,,,,,,,,,,,,,,,,,,,,,,,,,,,,,,,,,,,,,,,,
node,4568640015,41.1466209,-8.592959,,,subway_entrance,yes,,,,,,,,,,,,,,,,,,,,,,,,,,,,,,,,,,,,,,,,,,,,,,,,
node,4713720483,38.7620271,-9.1967447,0,Pontinha,subway_entrance,yes,,,,,,,,,,,,,,,,,,,,,,,,,,,,,,,,,,,,,,,,,,,,,,,,
node,4713721117,38.7624009,-9.1969351,0,Pontinha,subway_entrance,yes,,,,,,,,,,,,,,,,,,,,,,,,,,,,,,,,,,,,,,,,,,,,,,,,
node,4852004345,38.7238092,-9.1483588,-1,Acesso 6,subway_entrance,no,,,,,,,,,,,,,,,,,,,,permissive,,,,,,,,staircase,,,,,,,,,,,,,,,,,,,,
node,4852004361,38.7189454,-9.1442119,,,subway_entrance,no,,,,,,,,,,,,,,,,,,,,,,,,,,,,,,,,,,,,,,,,,,,,,,,,
node,4869927984,38.7418973,-9.1336807,,Avenida Almirante Reis (poente) / Avenida João XXI,subway_entrance,no,,,,,,,,,,,,,,,,,,,,,,,,,,,,,,,,,,,,,,,,,,,,,,,,
node,5037503616,41.1486961,-8.598845,,,subway_entrance,yes,,,,,,,,,,,,,,,bing,,,elevator,,,,,,,,,,,,,,,,,,,,,,,,,,,,,,
node,5054999724,41.1613347,-8.6041554,,Marquês,subway_entrance,no,,,,,,,,,,,,,,,,,,,,,,,,,,,,,,,,,,,,,,,,,,,,,,,,
node,5056483302,41.1609085,-8.6048015,,Marquês,subway_entrance,no,,,,,,,,,,,,,,,,,,,,,,,,,,,,,,,,,,,,,,,,,,,,,,,,
node,5059223708,38.7522354,-9.2247256,0;-1,Reboleira,subway_entrance,no,,,,,,,,,,,,,,,,,,,,,,,,,,,,,,,,,,,,,,,,,,,,,,,,
node,5059223709,38.7518958,-9.2240117,0,Reboleira,subway_entrance,yes,,,,,,,,,,,,,,,,,,,,,,,,,,,,,,,,,,,,,,,,,,,,,,,,
node,5145130437,38.7488463,-9.149081,,Entrecampos,subway_entrance,no,,,,,,,,,,,,,,,,,,,,,,,,,,,,,,,,,,,,,,,,,,,,,,,,
node,5223670854,41.1835009,-8.5534048,,,subway_entrance,yes,,,,,,,,,,,,,,,,,,,,,,,,,,,,,,,,,,,,,,,,,,,,,,,,
node,5223670855,41.1831294,-8.5542257,,,subway_entrance,yes,,,,,,,,,,,,,,,,,,,,,,,,,,,,,,,,,,,,,,,,,,,,,,,,
node,5258475339,41.1739631,-8.6036468,,Polo Universitário,subway_entrance,no,,,,,,,,,,,,,,,,,,,,,,,,,,,,,,,,,,,,,,,,,,,,,,,,
node,5293134755,38.7523542,-9.2245978,0;-1,Reboleira,subway_entrance,no,,,,,,,,,,,,,,,,,,,,,,,,,,,,,,,,,,,,,,,,,,,,,,,,
node,5293134756,38.7513288,-9.2235653,0;-1,Reboleira,subway_entrance,no,,,,,,,,,,,,,,,,,,,,,,,,,,,,,,,,,,,,,,,,,,,,,,,,
node,5382477663,41.1696735,-8.5991831,,Salgueiros,subway_entrance,,,,,,,,,,,,,,,,,,,,,,,,,,,,,,,,,,,,,,,,,,,,,,,,,
node,5382477664,41.1696248,-8.5981032,,Salgueiros,subway_entrance,,,,,,,,,,,,,,,,,,,,,,,,,,,,,,,,,,,,,,,,,,,,,,,,,
node,5382631202,41.1716404,-8.5425804,,,subway_entrance,yes,,,,,,,,,,,,,,,,,,,,,,,,,,,,,,,,,,,,,,,,,,,,,,,,
node,5382631209,41.1716644,-8.5426978,,,subway_entrance,yes,,,,,,,,,,,,,,,,,,,,,,,,,,,,,,,,,,,,,,,,,,,,,,,,
node,5382658738,41.1746891,-8.541618,,,subway_entrance,yes,,,,,,,,,,,,,,,,,,,,,,,,,,,,,,,,,,,,,,,,,,,,,,,,
node,5382658741,41.1746566,-8.5417229,,,subway_entrance,yes,,,,,,,,,,,,,,,,,,,,,,,,,,,,,,,,,,,,,,,,,,,,,,,,
node,5382658750,41.1754479,-8.5421498,,,subway_entrance,yes,,,,,,,,,,,,,,,,,,,,,,,,,,,,,,,,,,,,,,,,,,,,,,,,
node,5382658757,41.1754809,-8.5420432,,,subway_entrance,yes,,,,,,,,,,,,,,,,,,,,,,,,,,,,,,,,,,,,,,,,,,,,,,,,
node,5382658764,41.170878,-8.54286,,,subway_entrance,yes,,,,,,,,,,,,,,,,,,,,,,,,,,,,,,,,,,,,,,,,,,,,,,,,
node,5382658765,41.170901,-8.5429743,,,subway_entrance,yes,,,,,,,,,,,,,,,,,,,,,,,,,,,,,,,,,,,,,,,,,,,,,,,,
node,5382704489,41.1802098,-8.5433056,,,subway_entrance,yes,,,,,,,,,,,,,,,,,,,,,,,,,,,,,,,,,,,,,,,,,,,,,,,,
node,5382704494,41.1801693,-8.5432033,,,subway_entrance,yes,,,,,,,,,,,,,,,,,,,,,,,,,,,,,,,,,,,,,,,,,,,,,,,,
node,5382704499,41.1795032,-8.5438201,,,subway_entrance,yes,,,,,,,,,,,,,,,,,,,,,,,,,,,,,,,,,,,,,,,,,,,,,,,,
node,5382704504,41.1794615,-8.5437221,,,subway_entrance,yes,,,,,,,,,,,,,,,,,,,,,,,,,,,,,,,,,,,,,,,,,,,,,,,,
node,5382765957,41.1835759,-8.5534657,,,subway_entrance,yes,,,,,,,,,,,,,,,,,,,,,,,,,,,,,,,,,,,,,,,,,,,,,,,,
node,5382765964,41.1832008,-8.5542851,,,subway_entrance,yes,,,,,,,,,,,,,,,,,,,,,,,,,,,,,,,,,,,,,,,,,,,,,,,,
node,5382781763,41.1797462,-8.5602236,,,subway_entrance,yes,,,,,,,,,,,,,,,,,,,,,,,,,,,,,,,,,,,,,,,,,,,,,,,,
node,5382781768,41.1797402,-8.5603253,,,subway_entrance,,,,,,,,,,,,,,,,,,,,,,,,,,,,,,,,,,,,,,,,,,,,,,,,,
node,5382781769,41.1790128,-8.560229,,,subway_entrance,yes,,,,,,,,,,,,,,,,,,,,,,,,,,,,,,,,,,,,,,,,,,,,,,,,
node,5382781770,41.1789927,-8.560117,,,subway_entrance,yes,,,,,,,,,,,,,,,,,,,,,,,,,,,,,,,,,,,,,,,,,,,,,,,,
node,5382840732,41.1760797,-8.562,,,subway_entrance,yes,,,,,,,,,,,,,,,,,,,,,,,,,,,,,,,,,,,,,,,,,,,,,,,,
node,5382840734,41.1760976,-8.5621032,,,subway_entrance,yes,,,,,,,,,,,,,,,,,,,,,,,,,,,,,,,,,,,,,,,,,,,,,,,,
node,5382840740,41.1753749,-8.5622571,,,subway_entrance,yes,,,,,,,,,,,,,,,,,,,,,,,,,,,,,,,,,,,,,,,,,,,,,,,,
node,5382840742,41.1753958,-8.5623587,,,subway_entrance,yes,,,,,,,,,,,,,,,,,,,,,,,,,,,,,,,,,,,,,,,,,,,,,,,,
node,5382840761,41.1710057,-8.5770702,,,subway_entrance,yes,,,,,,,,,,,,,,,,,,,,,,,,,,,,,,,,,,,,,,,,,,,,,,,,
node,5382840762,41.1709558,-8.5769748,,,subway_entrance,yes,,,,,,,,,,,,,,,,,,,,,,,,,,,,,,,,,,,,,,,,,,,,,,,,
node,5382840776,41.1702735,-8.5775671,,,subway_entrance,yes,,,,,,,,,,,,,,,,,,,,,,,,,,,,,,,,,,,,,,,,,,,,,,,,
node,5382840780,41.1702392,-8.5774526,,,subway_entrance,yes,,,,,,,,,,,,,,,,,,,,,,,,,,,,,,,,,,,,,,,,,,,,,,,,
node,5382856036,41.1654259,-8.5790588,,,subway_entrance,yes,,,,,,,,,,,,,,,,,,,,,,,,,,,,,,,,,,,,,,,,,,,,,,,,
node,5382856041,41.1660158,-8.57838,,,subway_entrance,yes,,,,,,,,,,,,,,,,,,,,,,,,,,,,,,,,,,,,,,,,,,,,,,,,
node,5382856042,41.1659589,-8.5782906,,,subway_entrance,,,,,,,,,,,,,,,,,,,,,,,,,,,,,,,,,,,,,,,,,,,,,,,,,
node,5854352980,38.7071688,-9.1333995,-1,Terreiro do Paço,subway_entrance,no,,,,,,,,,,,no,door,yes,,,,,,,,,,,,,,,,,,,,,,,,,,,,,,,,,,,
node,5934171807,38.7349574,-9.1448268,,"Avenida da República, Avenida Duque de Ávila",subway_entrance,yes,,,,,,,,,,,,,,,knowledge,,,elevator,,,,,,,,,,,,,,,,,,,,,,,,,,,,,,
node,5934171808,38.734705,-9.1453738,,Avenida da República (sul),subway_entrance,limited,,,,,,,,,,,,,,,knowledge,,,,,,,,,,,,,,,,,,,,,,,,,,,,,,,,,
node,5934180714,38.7415767,-9.1463678,,Avenida da República (nascente); Praça do Campo Pequeno,subway_entrance,no,,,,,,,,,,,,,,,,,,,,,,,,,,,,,,,,,,,,,,,,,,,,,,,,
node,5934180716,38.7399725,-9.1466474,,Campo Pequeno,subway_entrance,no,,,,,,,,,,,,,,,,,2023-02-07,,,,,,,,,,,,,,,,,,,,,,,,,,,,,,,
node,5934190268,38.7462278,-9.1475713,,Avenida da República (nascente) / Rua de Entre Campos,subway_entrance,yes,,,,,,,,,,,,,,,,,,,,,,,,,,,,,,,,,,,,,,,,,,,,,,,,
node,5934202286,38.7245538,-9.1498753,0;-1,Elevador,subway_entrance,yes,,,,,,,,,,,,,,,,,,elevator,,,,,,,,,,,,,,,,,,,,,,,,,,,,,,
node,5934212491,38.7201705,-9.1452436,,Avenida,subway_entrance,no,,,,,,,,,,,,,,,,,2021-01-06,,,,,,,,,,,,,,,,,,,,,,,,,,,,,,,
node,5934238170,38.7164437,-9.1425135,,Restauradores,subway_entrance,yes,,,,,,,,,,,,,,,,,,elevator,,,,,,,,,,,,,,,,,,,,,,,,,,,,,,
node,5934267787,38.7138247,-9.1384165,-1;0,Rossio,subway_entrance,yes,,,,,,,,,,,,,,,,,,elevator,,,,,,,,,,,,,,,,,,,,,,,,,,,,,,
node,5934309503,38.7238899,-9.1352751,,Intendente,subway_entrance,no,,,,,,,,,,,,,,,,,,,,,,,,,,,,,,,,,,,,,,,,,,,,,,,,
node,5934309504,38.723875,-9.1350724,,Intendente,subway_entrance,no,,,,,,,,,,,,,,,,,,,,,,,,,,,,,,,,,,,,,,,,,,,,,,,,
node,5934342231,38.7372947,-9.133565,,Alameda,subway_entrance,yes,,,,,,,,,,,,,,,,,,elevator,,,,,,,,,,,,,,,,,,,,,,,,,,,,,,
node,5934373283,38.7471274,-9.1409382,,Roma,subway_entrance,no,,,,,,,,,,,,,,,,,,,,,,,,,,,,,,,,,,,,,,,,,,,,,,,,
node,5934373284,38.7472722,-9.1410065,,Roma,subway_entrance,yes,,,,,,,,,,,,,,,,,,elevator,,,,,,,,,,,,,,,,,,,,,,,,,,,,,,
node,5934388572,38.7538291,-9.1441821,,Alvalade,subway_entrance,yes,,,,,,,,,,,,,,,,,,elevator,,,,,,,,,,,,,,,,,,,,,,,,,,,,,,
node,5938124258,38.7247171,-9.1503309,,Marquês de Pombal,stop,,stop_position,yes,Metropolitano de Lisboa,Metropolitano de Lisboa E.P.E.,,,,,,,,,,,,,,,,,,,,,,,,,,,,,,,,,,,,,,,,,,,,
node,5938124259,38.7241588,-9.1491504,,Marquês de Pombal,,,stop_position,yes,Metropolitano de Lisboa,"Metropolitano de Lisboa, E.P.E.",subway,,,,,,,,,,,,,,,,,,,,,,,,,,,,,,,,,,,,,,,,,,,
node,6014951833,38.7249177,-9.1507596,-1;0,Acesso 5,subway_entrance,no,,,,,,,,,,,,,,,,,,,,,,,,,,,,,kerb,no,,,,,,,,,,,,,,,,,,
node,6014951834,38.7248661,-9.1507138,-1;0,Acesso 4,subway_entrance,no,,,,,,,,,,,,,,,,,,,,,,,,,,,,,kerb,no,,,,,,,,,,,,,,,,,,
node,6018580829,38.7247048,-9.1503014,,Marquês de Pombal,stop,,stop_position,yes,Metropolitano de Lisboa,"Metropolitano de Lisboa, E.P.E.",subway,,,,,,,,,,,,,,,,,,,,,,,,,,,,,,,,,,,,,,,,,,,
node,6355781456,38.7350862,-9.1509318,,Avenida Duque de Ávila (nascente),subway_entrance,no,,,,,,,,,,,,,,,,,,,,,,,,,,,,,,,,,,,,,,,,,,,,,,,,
node,6368256711,41.1739645,-8.603585,,Polo Universitário,subway_entrance,no,,,,,,,,,,,,,,,,,,,,,,,,,,,,,,,,,,,,,,,,,,,,,,,,
node,6443849275,38.7345546,-9.1543639,,"Avenida António Augusto de Aguiar, Avenida Ressano Garcia",subway_entrance,yes,,,,,,,,,,,,,,,,,,elevator,,,,,,,,,,,,,,,,,,,,,,,,,,,,,,
node,6529918573,38.7159968,-9.1423098,,Restauradores,subway,yes,stop_position,yes,Metropolitano de Lisboa,Metropolitano de Lisboa,subway,https://www.metrolisboa.pt/viajar/restauradores/,Q637915,pt:Estação Restauradores,,,,,,,,-1,,,,,,,,,,,,,,,,,,,,,,,,,,,,,,,,
node,6529918575,38.716011,-9.1422819,,Restauradores,subway,yes,stop_position,yes,Metropolitano de Lisboa,Metropolitano de Lisboa,subway,https://www.metrolisboa.pt/viajar/restauradores/,Q637915,pt:Estação Restauradores,,,,,,,,-1,,,,,,,,,,,,,,,,,,,,,,,,,,,,,,,,
node,6532391536,38.715344,-9.1418667,-1-0,Restauradores,subway_entrance,no,,,,,,,,,,,,,,,,,,,,,,,,,,,,,,,,,,,,,,,,,,,,,,,,
node,6550894045,41.1485989,-8.6112971,,,subway_entrance,yes,,,,,,,,,,,,,,,,,,elevator,,,,,,,,,,,,,,,,,,,,,,,,,,,,,,
node,6582151728,41.1158608,-8.6065329,,Santo Ovídio,subway_entrance,yes,,,,,,,,,,,,,,,,,,,,,,,,,,,,,,,,,,,,,,,,,,,,,,,,
node,6582151755,41.1158662,-8.6066381,,Santo Ovídio,subway_entrance,yes,,,,,,,,,,,,,,,,,,,,,,,,,,,,,,,,,,,,,,,,,,,,,,,,
node,6627320512,41.1880792,-8.6544931,,Senhora da Hora,station,yes,station,,,Metro do Porto,light_rail,,Q48855726,,,,,,,,,,,,,,,,5724,yes,Q29757,PRT2,,,,,,,,,,,,,,,,,,,,,,
node,6627320513,41.1606277,-8.6286861,,Casa da Música,station,yes,station,,,Metro do Porto,light_rail,,,,,,,,,,,,,,,,,,5706,yes,Q29757,PRT1,,,,,,,,,,,,,,,,,,,,,,
node,6627320514,41.1585585,-8.6218958,,Carolina Michaelis,station,no,station,,,Metro do Porto,light_rail,,Q10275632,,,,,,,,,,,,,,,Carolina Michaëlis,5704,yes,Q29757,PRT1,,,,,Category:Carolina Michaëlis metro station (Porto),,,,,,,,,,,,,,,,,
node,6627320515,41.1570869,-8.6168023,,Lapa,station,yes,station,,,Metro do Porto,light_rail,,Q10275928,,,,,,,,,,,,,,,,5713,yes,Q29757,PRT1,,,,,,,,,,,,,,,,,,,,,,
node,6627320516,41.1497738,-8.6058293,-3,Bolhão,station,,station,,,Metro do Porto,light_rail,,Q10275605,,,,,,,,,,,,,,,,5699,yes,Q29757,PRT1,,,,,,,,,,,,,,,,,,,,,,
node,6627320517,41.1487494,-8.5986934,,Campo 24 de Agosto,station,yes,station,,,Metro do Porto,light_rail,,Q10275622,,,,,,,,,,,,,,,,5697,yes,Q29757,PRT1,,,,,Category:Campo 24 de Agosto metro station,,,,,,,,,,,,,,,,,
node,6627320518,41.1465197,-8.5930447,,Heroísmo,station,yes,station,,,Metro do Porto,light_rail,,Q10275856,,,,,,,,,,,,,,,,5712,yes,Q29757,PRT1,,,,,,,,,,,,,,,,,,,,,,
node,6627320519,41.1605034,-8.582045,,Estádio do Dragão,station,,station,,,Metro do Porto,light_rail,,Q10275748,,Drachenstadion,,,,,,,,,,,,,,5708,yes,Q29757,PRT1,,,,,,Stadion des Drachens,Dragon Stadium,Estadio del Dragón,Stade du Dragon,Stadio del Drago,Estádio do Dragão,,,,,,,,,,,
node,6627320524,41.1736853,-8.5738216,,Nau Vitória,station,yes,station,,Andante,Metro do Porto,light_rail,,Q10276004,,,,,,,,,,,,,,,,5718,yes,Q29757,PRT3,,,,,,,,,,,,,,,,,,,,,,
node,6630342112,41.115502,-8.606615,,Santo Ovídio,station,yes,station,,Metro do Porto,Metro do Porto,light_rail,,Q10276303,pt:Estação de Santo Ovídio,,,,,,,,,,,,,,,5792,yes,Q29757,VNG1,,,,,,,,,,,,Metro station Santo Ovidio; Santo Ovídio Metro; Metro Santo Ovidio,,,,,,,,,,
node,6630342113,41.1832328,-8.6022748,,Hospital São João,station,yes,station,,,Metro do Porto,light_rail,,Q10275861,pt:Estação Hospital de São João,,,,,,,,,,,,,,,5791,yes,Q29757,PRT3,,,,,,,,,,,,,상 주앙 병원 역,,,,,,,,,
node,6630342114,41.1812132,-8.6045603,,IPO,station,yes,station,,,Metro do Porto,light_rail,,Q10275864,pt:Estação IPO,,,,,,,,,,,,,,,5772,yes,Q29757,PRT3,,,,,,,,,,,,,,,,,,,,,,
node,6630378103,41.150734,-8.585639,,Campanhã,station,yes,station,,,Metro do Porto,light_rail,,Q801328,pt:Estação Ferroviária de Porto-Campanhã,,,,,,Porto,,,,,4300-414,,,,5703,yes,Q29757,PRT1,,,,,,,,,,,,,,Largo da Estação,no,,,,,,,
node,6632372465,41.1195282,-8.6062277,,Dom João II,station,yes,station,,,Metro do Porto,light_rail,,Q10275683,pt:Estação D. João II,,,,,,,,,,,,,,,5769,yes,Q29757,VNG1,,,,,,,,,,,,,,,,,,,,,,
node,6632372466,41.1260954,-8.6056608,,João de Deus,station,yes,station,,,Metro do Porto,light_rail,,Q10275903,pt:Estação João de Deus,,,,,,,,,,,,,,,5774,yes,Q29757,VNG1,,,,,,,,,,,,,,,,,,,,,,
node,6632372467,41.1296625,-8.6061716,,Câmara Gaia,station,yes,station,,,Metro do Porto,light_rail,,Q10275681,pt:Estação Câmara de Gaia,,,,,,,,,,,,,,,5767,yes,Q29757,VNG1,,,,,,,,,,,,,,,,,,,,,,
node,6632372468,41.1339305,-8.6075288,,General Torres,station,yes,station,,,Metro do Porto,light_rail,,Q10275823,pt:Estação General Torres,,,,,,,,,,,,,,,5771,yes,Q29757,VNG1,,,,,,,,,,,,,,,,,,,,,,
node,6632372469,41.137615,-8.6087066,,Jardim do Morro,station,yes,station,,Metro do Porto,Metro do Porto,light_rail,,Q10275895,pt:Estação Jardim do Morro,,,,,,,,,,,,,,,5773,yes,Q29757,VNG1,,,,,,,,,,,,,,,,,,,,,,
node,6632372470,41.1447883,-8.6108165,,São Bento,station,yes,station,,,Metro do Porto,light_rail,,,,,,,,,,,,,,,,,,5778,yes,Q29757,PRT1,,,,,,,,,,,,,,,,SBNT4,,,,,,
node,6632372471,41.1485925,-8.6109746,,Aliados,station,yes,station,,,Metro do Porto,light_rail,,Q10275561,pt:Estação Aliados,,,,,,,,,,,,,,,5766,yes,Q29757,PRT1,2,,,,,,,,,,,Aliados Metro; Aliados Metro Station,,,,,,,,,,
node,6632372472,41.1572283,-8.6092828,,Faria Guimarães,station,yes,station,,,Metro do Porto,light_rail,,Q10275755,pt:Estação Faria Guimarães,,,,,,,,,,,,,,,5770,yes,Q29757,PRT1,,,,,,,,,,,,,,,,,,,,,,
node,6632372473,41.1611709,-8.604297,,Marquês,station,yes,station,,,Metro do Porto,light_rail,,Q10275965,pt:Estação Marquês,,,,,,,,,,,,,,,5775,yes,Q29757,PRT1,,,,,,,,,,,,,,,,,,,,,,
node,6632372474,41.1746021,-8.6036568,,Pólo Universitário,station,yes,station,,,Metro do Porto,light_rail,,Q10276077,pt:Estação Pólo Universitário,,,,,,,,,,,,,,,5776,yes,Q29757,PRT3,,,,,,,,,,,,,,,,,Adalberto Dias,,,,,
node,6632372475,41.1650814,-8.5988953,,Combatentes,station,yes,station,,,Metro do Porto,light_rail,,Q10275660,pt:Estação Combatentes,,,,,,,,,,,,,,,5768,yes,Q29757,PRT1,,,,,,,,,,,,,,,,,,,,,,
node,6632372476,41.1692975,-8.5986615,,Salgueiros,station,yes,station,,,Metro do Porto,light_rail,,Q10276121,pt:Estação Salgueiros,,,,,,,,,,,,,,,5777,yes,Q29757,PRT1,,,,,,,,,,,,,,,,,,,,,,
node,6632407681,41.2006924,-8.6497476,,Cândido dos Reis,station,yes,station,,,Metro do Porto,light_rail,,Q10275684,,,,,,,,,,,,,,,,5755,yes,Q29757,MAI1,,,,,,,,,,,,,,,,,,,,,,
node,6632407682,41.208208,-8.6471545,,Pias,station,yes,station,,,Metro do Porto,light_rail,,Q10276054,,,,,,,,,,,,,,,,5764,yes,Q29757,MAI1,,,,,,,,,,,,,,,,,,,,,,
node,6632407683,41.2168863,-8.6410331,,Araújo,station,yes,station,,,Metro do Porto,light_rail,,Q10275573,,,,,,,,,,,,,,,,5754,yes,Q29757,MAI1,,,,,,,,,,,,,,,,,,,,,,
node,6632407684,41.2223074,-8.6389966,,Custió,station,yes,station,,,Metro do Porto,light_rail,,Q10275679,,,,,,,,,,,,,,,,5757,yes,Q29757,MAI1,,,,,,,,,,,,,,,,,,,,,,
node,6632410573,41.2371203,-8.6695989,,Aeroporto,station,yes,station,,,Metro do Porto,light_rail,,Q10275549,,,,,,,,,,,,,,,,5782,yes,Q29757,VCD8,,,,,,,,,,,,,,,,,,,,,,
node,6632410574,41.2375167,-8.6652403,,Botica,station,yes,station,,,Metro do Porto,light_rail,,Q10275608,,,,,,,,,,,,,,,,5783,yes,Q29757,VCD8,,,,,,,,,,,,,,,,,,,,,,
node,6632462985,41.2291295,-8.6265827,1,Parque Maia,station,yes,station,,,Metro do Porto,light_rail,,,,,,,,,,,1,,,,,,,5763,yes,Q29757,MAI1,,,,,,,,,,,,,,,,,,bridge,,,,
node,6632462988,41.2535507,-8.628371,,Mandim,station,yes,station,,,Metro do Porto,light_rail,,Q10275947,,,,,,,,,,,,,,,,5762,yes,Q29757,MAI2,,,,,,,,,,,,,,,,,,,,,,
node,6632462989,41.2627128,-8.6170226,,Castêlo da Maia,station,yes,station,,,Metro do Porto,light_rail,,Q10275634,,,,,,,,,,,,,,,,5756,yes,Q29757,MAI2,,,,,,,,,,,,,,,,,,,,,,
node,6634498459,41.1801219,-8.6885901,,Matosinhos Sul,station,yes,station,,Andante,Metro do Porto,light_rail,,Q10275971,,,,,,,,,,,,,,,,5715,yes,Q29757,MTS1,,,,,,,,,,,,,,,,,,,,,,
node,6634498460,41.1838829,-8.6915104,,Brito Capelo,station,yes,station,,,Metro do Porto,light_rail,,Q10275611,,,,,,,,,,,,,,,,5700,yes,Q29757,MTS1,,,,,,,,,,,,,,,,,,,,,,
node,6634498461,41.1874755,-8.6933925,,Mercado,station,yes,station,,,Metro do Porto,light_rail,,Q10275978,,,,,,,,,,,,,,,,5716,yes,Q29757,MTS1,,,,,,,,,,,,,,,,,,,,,,
node,6634498462,41.180651,-8.6812528,,Câmara de Matosinhos,station,yes,station,,,Metro do Porto,light_rail,,Q10275682,,,,,,,,,,,,,,,,5701,yes,Q29757,MTS1,,,,,,,,,,,,,,,,,,,,,,
node,6634498463,41.1790724,-8.6735709,,Parque de Real,station,yes,station,,,Metro do Porto,light_rail,,Q10276041,,,,,,,,,,,,,,,,5719,yes,Q29757,MTS1,,,,,,,,,,,,,,,,,,,,,,
node,6634498464,41.1803391,-8.6662452,,Pedro Hispano,station,yes,station,,,Metro do Porto,light_rail,,Q10276048,,,,,,,,,,,,,,,,5720,yes,Q29757,MTS1,,,,,,,,,,,,,,,,,,,,,,
node,6634498465,41.1857421,-8.6612234,,Estádio do Mar,station,yes,station,,,Metro do Porto,light_rail,,Q10275749,,,,,,,,,,,,,,,,5709,yes,Q29757,MTS1,,,,,,,,,,,,,,,,,,,,,,
node,6634498466,41.1903039,-8.6610276,,Vasco da Gama,station,yes,station,,,Metro do Porto,light_rail,,Q10276210,,,,,,,,,,,,,,,,5727,yes,Q29757,MTS1,,,,,,,,,,,,,,,,,,,,,,
node,6634498467,41.188188,-8.6852027,,Senhor de Matosinhos,station,yes,station,,,Metro do Porto,light_rail,,Q10276144,,,,,,,,,,,,,,,,5723,yes,Q29757,MTS1,,,,,,,,,,,,,,,,,,,,,,
node,6842665822,38.7142006,-9.1375263,-1,Rossio,subway_entrance,no,,,,,,,,,,,no,door,,,,,,,,,,,,,,,,,,,,,,,,,,,,,,,,,,,,
node,6979744928,38.7547889,-9.1136231,,Chelas,subway_entrance,yes,,,,,,,,,,,,,,,,,,elevator,,,,,,,,,,,,,,,,,,,,,,,,,,,,,,
node,7108567990,38.7690262,-9.1284253,,Aeroporto,subway_entrance,yes,,,,,,,Q744682,,,,,,yes,,,,,,,,yes,,,,,,,,,,,,,,,,,,,,,,,,yes,,,
node,7167785854,38.7482221,-9.1728726,,Laranjeira,subway_entrance,,,,,,,,,,,,,,,,,,,,,,,,,,,,,,,,,,,,,,,,,,,,,,,,,
node,7167785856,38.7483639,-9.1729847,,Laranjeira,subway_entrance,,,,,,,,,,,,,,,,,,,,,,,,,,,,,,,,,,,,,,,,,,,,,,,,,
node,7174044230,38.7374568,-9.1585307,,Praça de Espanha,subway_entrance,,,,,,,,,,,,,,,,,,,,,,,,,,,,,,,,,,,,,,,,,,,,,,,,,
node,7203041550,41.1600209,-8.6291053,,Casa da Música II,,limited,,,,,light_rail,,,,,,,,,,,,,,,,,,,yes,,,,,,,,,,,,,,,,,,,,,,station,station,
node,7359956894,38.7856308,-9.171798,2,Senhor Roubado,stop,,stop_position,yes,Metropolitano de Lisboa,"Metropolitano de Lisboa, E.P.E.",,,,,,,,,,,,,,,,,,,,,,,,,,,,,,,,,,,,,,,,,,,,
node,7728494961,38.7599994,-9.157773,,Faculdade de Ciências; Universidade Lusófona,subway_entrance,,,,,,,,,,,,,,,,,,,,,,,,,,,,,,,,,,,,,,,,,,,,,,,,,
node,7733997213,38.7726357,-9.1600417,,Lumiar,subway_entrance,no,,,,,,,,,,,,,,,,,,,,,,,,,,,,,,,,,,,,,,,,,,,,,,,,
node,7734906064,38.7672937,-9.1556598,0,Quinta das Conchas,subway_entrance,yes,,,,,,,,,,,,,,,,,,,,,,,,,,,,,,,,,,,,,,,,,,,,,,,,
node,7852829037,41.1506259,-8.5857793,0,Campanhã,subway_entrance,yes,,,,,,,,,,,,,,,,,,,,,,,,,,,,,,,,,,,,,,,,,,,,,,,,yes
node,8037770570,38.7241697,-9.1490783,,Marquês de Pombal,,,stop_position,yes,Metropolitano de Lisboa,"Metropolitano de Lisboa, E.P.E.",subway,,,,,,,,,,,,,,,,,,,,,,,,,,,,,,,,,,,,,,,,,,,
node,8349959165,38.7104186,-9.1400448,,Baixa-Chiado,subway,,stop_position,yes,Metropolitano de Lisboa,"Metropolitano de Lisboa, E.P.E.",subway,,,,,,,,,,,,,,,,,,,,,,,,,,,,,,,,,,,,,,,,,,,
node,8349959166,38.7104106,-9.1402781,,Baixa-Chiado,stop,,stop_position,yes,Metropolitano de Lisboa,"Metropolitano de Lisboa, E.P.E.",,,,,,,,,,,,,,,,,,,,,,,,,,,,,,,,,,,,,,,,,,,,
node,8349959167,38.7104204,-9.1399898,,Baixa-Chiado,subway,,stop_position,yes,Metropolitano de Lisboa,"Metropolitano de Lisboa, E.P.E.",subway,,,,,,,,,,,,,,,,,,,,,,,,,,,,,,,,,,,,,,,,,,,
node,8349959168,38.7104088,-9.1403331,,Baixa-Chiado,stop,,stop_position,yes,Metropolitano de Lisboa,"Metropolitano de Lisboa, E.P.E.",,,,,,,,,,,,,,,,,,,,,,,,,,,,,,,,,,,,,,,,,,,,
node,8349967322,38.7070519,-9.1343878,,Terreiro do Paço,subway,,stop_position,yes,Metropolitano de Lisboa,"Metropolitano de Lisboa, E.P.E.",subway,,,,,,,,,,,,,,,,,,,,,,,,,,,,,,,,,,,,,,,,,,,
node,8349967327,38.7070133,-9.1343684,,Terreiro do Paço,subway,,stop_position,yes,Metropolitano de Lisboa,"Metropolitano de Lisboa, E.P.E.",subway,,,,,,,,,,,,,,,,,,,,,,,,,,,,,,,,,,,,,,,,,,,
node,8350024444,38.7139982,-9.1379018,,Rossio,stop,,stop_position,yes,Metropolitano de Lisboa,"Metropolitano de Lisboa, E.P.E.",,,,,,,,,,,,,,,,,,,,,,,,,,,,,,,,,,,,,,,,,,,,
node,8350024445,38.7140396,-9.1379162,,Rossio,stop,,stop_position,yes,Metropolitano de Lisboa,"Metropolitano de Lisboa, E.P.E.",,,,,,,,,,,,,,,,,,,,,,,,,,,,,,,,,,,,,,,,,,,,
node,8350225068,38.7175286,-9.1358186,,Martim Moniz,stop,,stop_position,yes,Metropolitano de Lisboa,"Metropolitano de Lisboa, E.P.E.",,,,,,,,,,,,,,,,,,,,,,,,,,,,,,,,,,,,,,,,,,,,
node,8350225069,38.7175372,-9.1358955,,Martim Moniz,stop,,stop_position,yes,Metropolitano de Lisboa,"Metropolitano de Lisboa, E.P.E.",,,,,,,,,,,,,,,,,,,,,,,,,,,,,,,,,,,,,,,,,,,,
node,8350485245,38.7231691,-9.1352009,,Intendente,stop,,stop_position,yes,Metropolitano de Lisboa,"Metropolitano de Lisboa, E.P.E.",,,,,,,,,,,,,,,,,,,,,,,,,,,,,,,,,,,,,,,,,,,,
node,8350485246,38.7231737,-9.1352785,,Intendente,stop,,stop_position,yes,Metropolitano de Lisboa,"Metropolitano de Lisboa, E.P.E.",,,,,,,,,,,,,,,,,,,,,,,,,,,,,,,,,,,,,,,,,,,,
node,8362923776,38.7369698,-9.1338402,,Alameda,stop,,stop_position,yes,Metropolitano de Lisboa,"Metropolitano de Lisboa, E.P.E.",,,,,,,,,,,,,,,,,,,,,,,,,,,,,,,,,,,,,,,,,,,,
node,8362923777,38.7369716,-9.1338745,,Alameda,stop,,stop_position,yes,Metropolitano de Lisboa,"Metropolitano de Lisboa, E.P.E.",,,,,,,,,,,,,,,,,,,,,,,,,,,,,,,,,,,,,,,,,,,,
node,8362923797,38.7370031,-9.1324548,,Alameda,stop,,stop_position,yes,Metropolitano de Lisboa,"Metropolitano de Lisboa, E.P.E.",,,,,,,,,,,,,,,,,,,,,,,,,,,,,,,,,,,,,,,,,,,,
node,8362923798,38.7369693,-9.1324457,,Alameda,stop,,stop_position,yes,Metropolitano de Lisboa,"Metropolitano de Lisboa, E.P.E.",,,,,,,,,,,,,,,,,,,,,,,,,,,,,,,,,,,,,,,,,,,,
node,8365587016,38.72697,-9.1349013,,Anjos,stop,,stop_position,yes,Metropolitano de Lisboa,"Metropolitano de Lisboa, E.P.E.",,,,,,,,,,,,,,,,,,,,,,,,,,,,,,,,,,,,,,,,,,,,
node,8365589517,38.7269655,-9.1348238,,Anjos,stop,,stop_position,yes,Metropolitano de Lisboa,"Metropolitano de Lisboa, E.P.E.",,,,,,,,,,,,,,,,,,,,,,,,,,,,,,,,,,,,,,,,,,,,
node,8365948407,38.7326967,-9.1342565,,Arroios,stop,,stop_position,yes,Metropolitano de Lisboa,"Metropolitano de Lisboa, E.P.E.",,,,,,,,,,,,,,,,,,,,,,,,,,,,,,,,,,,,,,,,,,,,
node,8365948408,38.7327013,-9.1343338,,Arroios,stop,,stop_position,yes,Metropolitano de Lisboa,"Metropolitano de Lisboa, E.P.E.",,,,,,,,,,,,,,,,,,,,,,,,,,,,,,,,,,,,,,,,,,,,
node,8421963218,38.7600826,-9.1578199,,Campo Grande,stop,,stop_position,yes,Metropolitano de Lisboa,"Metropolitano de Lisboa, E.P.E.",,,,,,,,,,,,,,,,,,,,,,,,,,,,,,,,,,,,,,,,,,,,
node,8421963219,38.7601152,-9.1578383,,Campo Grande,stop,,stop_position,yes,Metropolitano de Lisboa,"Metropolitano de Lisboa, E.P.E.",,,,,,,,,,,,,,,,,,,,,,,,,,,,,,,,,,,,,,,,,,,,
node,8421963220,38.7602361,-9.157907,,Campo Grande,stop,,stop_position,yes,Metropolitano de Lisboa,"Metropolitano de Lisboa, E.P.E.",subway,,,,,,,,,,,,,,,,,,,,,,,,,,,,,,,,,,,,,,,,,,,
node,8421963221,38.7602668,-9.1579245,,Campo Grande,stop,,stop_position,yes,Metropolitano de Lisboa,"Metropolitano de Lisboa, E.P.E.",,,,,,,,,,,,,,,,,,,,,,,,,,,,,,,,,,,,,,,,,,,,
node,8422289351,38.7599702,-9.1664213,-2,Telheiras,stop,,stop_position,yes,Metropolitano de Lisboa,"Metropolitano de Lisboa, E.P.E.",,,,,,,,,,,,,,,,,,,,,,,,,,,,,,,,,,,,,,,,,,,,
node,8422289352,38.7599435,-9.1664263,-2,Telheiras,stop,,stop_position,yes,Metropolitano de Lisboa,"Metropolitano de Lisboa, E.P.E.",,,,,,,,,,,,,,,,,,,,,,,,,,,,,,,,,,,,,,,,,,,,
node,8422289357,38.7601706,-9.1663555,,Telheiras,subway_entrance,yes,,,,,,,,,,,,,,,,,,elevator,,,,,,,,,,,,,,,,,,,,,,,,,,,,,,
node,8904856985,38.7347797,-9.1541672,,Avenida António Augusto de Aguiar,subway_entrance,,,,,,,,,,,,,,,,,,,,,,,,,,,,,,,,,,,,,,,,,,,,,,,,,
node,9109559235,38.7479973,-9.141209,,Roma,stop,,stop_position,yes,Metropolitano de Lisboa,"Metropolitano de Lisboa, E.P.E.",,,,,,,,,,,,,,,,,,,,,,,,,,,,,,,,,,,,,,,,,,,,
node,9109559236,38.7479867,-9.1412408,,Roma,stop,,stop_position,yes,Metropolitano de Lisboa,"Metropolitano de Lisboa, E.P.E.",,,,,,,,,,,,,,,,,,,,,,,,,,,,,,,,,,,,,,,,,,,,
node,9291854093,38.7061078,-9.1468286,-3,Cais do Sodré,stop,,stop_position,yes,Metropolitano de Lisboa,"Metropolitano de Lisboa, E.P.E.",,,,,,,,,,,,-3,,,,,,,,,,,,,,,,,,,,,,,,,,,,,,,,
node,9291854094,38.7061368,-9.1468277,-3,Cais do Sodré,stop,,stop_position,yes,Metropolitano de Lisboa,"Metropolitano de Lisboa, E.P.E.",,,,,,,,,,,,-3,,,,,,,,,,,,,,,,,,,,,,,,,,,,,,,,
node,9297732642,38.6875504,-9.1473832,,Cacilhas,station,yes,station,,,Metro Transportes do Sul,light_rail,,,,,,,,,,,,,,,,,,,yes,,,,,,,,,,,,,,,,,,,,,,,,
node,9297732643,38.6843536,-9.1497024,,25 de Abril,station,,station,,,Metro Transportes do Sul,light_rail,,,,,,,,,,,,,,,,,,,yes,,,,,,,,,,,,,,,,,,,,,,,,
node,9297732644,38.6824971,-9.1522783,,Gil Vicente,station,yes,station,,,Metro Transportes do Sul,light_rail,,,,,,,,,,,,,,,,,,,yes,,,,,,,,,,,,,,,,,,,,,,,,
node,9297732645,38.6794877,-9.1576162,,São João Baptista,station,,station,,,Metro Transportes do Sul,light_rail,,,,,,,,,,,,,,,,,,,yes,,,,,,,,,,,,,,,,,,,,,,,,
node,9297732646,38.6766269,-9.1642754,,Almada,station,yes,station,,,Metro Transportes do Sul,light_rail,,,,,,,,,,,,,,,,,,,yes,,,,,,,,,,,,,,,,,,,,,,,,
node,9297732647,38.6733315,-9.1666158,,Bento Gonçalves,station,yes,station,,,Metro Transportes do Sul,light_rail,,,,,,,,,,,,,,,,,,,yes,,,,,,,,,,,,,,,,,,,,,,,,
node,9297732648,38.6689591,-9.1701552,,Ramalha,station,yes,station,,,Metro Transportes do Sul,light_rail,,,,,,,,,,,,,,,,,,,yes,,,,,,,,,,,,,,,,,,,,,,,,
node,9297732649,38.6662271,-9.1799821,,Pragal,station,,station,,,Metro Transportes do Sul,light_rail,,,,,,,,,,,,,,,,,,,yes,,,,,,,,,,,,,,,,,,,,,,,,
node,9297732650,38.6639558,-9.1903521,,Boa Esperança,station,,station,,,Metro Transportes do Sul,light_rail,,,,,,,,,,,,,,,,,,,yes,,,,,,,,,,,,,,,,,,,,,,,,
node,9297732651,38.6655311,-9.1939929,,Fomega,station,,station,,,Metro Transportes do Sul,light_rail,,,,,,,,,,,,,,,,,,,yes,,,,,,,,,,,,,,,,,,,,,,,,
node,9297732652,38.664539,-9.2003002,,Monte da Caparica,station,,station,,,Metro Transportes do Sul,light_rail,,,,,,,,,,,,,,,,,,,yes,,,,,,,,,,,,,,,,,,,,,,,,
node,9297732653,38.6636225,-9.2071736,,Universidade,station,,station,,,Metro Transportes do Sul,light_rail,,,,,,,,,,,,,,,,,,,yes,,,,,,,,,,,,,,,,,,,,,,,,
node,9297732654,38.6677,-9.164807,,Cova da Piedade,station,,station,,,Metro Transportes do Sul,light_rail,,,,,,,,,,,,,,,,,,,yes,,,,,,,,,,,,,,,,,,,,,,,,
node,9297732655,38.6643631,-9.1600103,,Parque da Paz,station,,station,,,Metro Transportes do Sul,light_rail,,,,,,,,,,,,,,,,,,,yes,,,,,,,,,,,,,,,,,,,,,,,,
node,9297732656,38.6605266,-9.1573178,,António Gedeão,station,,station,,,Metro Transportes do Sul,light_rail,,,,,,,,,,,,,,,,,,,yes,,,,,,,,,,,,,,,,,,,,,,,,
node,9297732657,38.6558389,-9.154379,,Laranjeiro,station,yes,station,,,Metro Transportes do Sul,light_rail,,,,,,,,,,,,,,,,,,,yes,,,,,,,,,,,,,,,,,,,,,,,,
node,9297732658,38.6485276,-9.1531274,,Santo Amaro,station,,station,,,Metro Transportes do Sul,light_rail,,,,,,,,,,,,,,,,,,,yes,,,,,,,,,,,,,,,,,,,,,,,,
node,9297732659,38.6424943,-9.1517854,,Casa do Povo,station,,station,,,Metro Transportes do Sul,light_rail,,,,,,,,,,,,,,,,,,,yes,,,,,,,,,,,,,,,,,,,,,,,,
node,9297732660,38.6371211,-9.1509899,,Corroios,station,yes,station,,,Metro Transportes do Sul,light_rail,,,,,,,,,,,,,,,,,,,yes,,,,,,,,,,,,,,,,,,,,,,,,
node,9377706653,38.7748363,-9.1151507,,Rua General Silva Freire (sul),subway_entrance,yes,,,,,,,,,,,,,,,,,,elevator,,,,,,,,,,,,,,,,,,,,,,,,,,,,,,
node,9377706654,38.7747526,-9.1149302,,"Rua General Silva Freire (sul), Rua Capitão Tenente Oliveira e Carmo",subway_entrance,no,,,,,,,,,,,,,,,,,,,,,,,,,,,,,,,,,,,,,,,,,,,,,,,,
node,9377715536,38.774651,-9.1028347,,Rua João Pinto Ribeiro (nascente),subway_entrance,no,,,,,,,,,,,,,,,,,,,,,,,,,,,,,,,,,,,,,,,,,,,,,,,,
node,9377715537,38.7746393,-9.1030083,,Rua João Pinto Ribeiro (poente),subway_entrance,no,,,,,,,,,,,,,,,,,,,,,,,,,,,,,,,,,,,,,,,,,,,,,,,,
node,9377715538,38.7746762,-9.1029551,,Rua João Pinto Ribeiro,subway_entrance,yes,,,,,,,,,,,,,,,,,,elevator,,,,,,,,,,,,,,,,,,,,,,,,,,,,,,
node,9453531880,41.1520436,-8.6090645,0,,subway_entrance,yes,,,,,,,,,,,,,,,,,,,,,,,,,,,,,,,,,,,,,,,,,,,,,,,,
node,9453531881,41.1520816,-8.6094758,0,,subway_entrance,yes,,,,,,,,,,,,,,,,,,,,,,,,,,,,,,,,,,,,,,,,,,,,,,,,
node,9491134652,38.7526918,-9.189812,,Colégio Militar/Luz,subway_entrance,,,,,,,,,,,,,,,,,,,,,,,,,,,,,,,,,,,,,,,,,,,,,,,,,
node,9491134653,38.7528983,-9.1896263,,Colégio Militar/Luz,subway_entrance,,,,,,,,,,,,,,,,,,,,,,,,,,,,,,,,,,,,,,,,,,,,,,,,,
node,9491134669,38.7536822,-9.1892608,,Colégio Militar/Luz,subway_entrance,yes,,,,,,,,,,,,,,,,,,elevator,,,,,,,,,,,,,,,,,,,,,,,,,,,,,,
node,9550765393,38.7426149,-9.1337695,,Areeiro,subway_entrance,no,,,,,,,,,,,,,,,,,,,,,,,,,,,,,,,,,,,,,,,,,,,,,,,,
node,9593288527,38.7146107,-9.1419011,,,subway_entrance,,,,,,,,,,,,,yes,,,,,,,,,,,,,,,,,,,,,,,,,,,,,,,,,,,,
node,9650379966,38.7475256,-9.1166468,,Bela Vista,subway_entrance,,,,,,,,,,,,,,,,,,,,,,,,,,,,,,,,,,,,,,,,,,,,,,,,,
node,9762140581,41.1484768,-8.6106507,,,subway_entrance,yes,,,,,,,,,,,,,,,,,,elevator,,,,,,,,,,,,,,,,,,,,,,,,,,,,,,
node,10026641087,41.1497341,-8.6067586,,,subway_entrance,,,,,,,,,,,,,,,,,,,,,,,,,,,,,,,,,,,,,,,,,,,,,,,,,
node,10097936739,38.7531171,-9.1439989,-2,Alvalade,stop,,stop_position,yes,Metropolitano de Lisboa,"Metropolitano de Lisboa, E.P.E.",,,,,,,,,,,,,,,,,,,,,,,,,,,,,,,,,,,,,,,,,,,,
node,10097936740,38.7531067,-9.1440306,-2,Alvalade,stop,,stop_position,yes,Metropolitano de Lisboa,"Metropolitano de Lisboa, E.P.E.",,,,,,,,,,,,,,,,,,,,,,,,,,,,,,,,,,,,,,,,,,,,
node,10097936761,38.7537882,-9.1445974,,Alvalade,subway_entrance,no,,,,,,,,,,,,,,,,,,,,,,,,,,,,,,,,,,,,,,,,,,,,,,,,
node,10099060705,38.7423343,-9.1334787,-2,Areeiro,stop,,stop_position,yes,Metropolitano de Lisboa,"Metropolitano de Lisboa, E.P.E.",,,,,,,,,,,,,,,,,,,,,,,,,,,,,,,,,,,,,,,,,,,,
node,10099060706,38.7423293,-9.1335044,-2,Areeiro,stop,,stop_position,yes,Metropolitano de Lisboa,"Metropolitano de Lisboa, E.P.E.",,,,,,,,,,,,,,,,,,,,,,,,,,,,,,,,,,,,,,,,,,,,
node,10099089623,38.7428238,-9.1333851,,Areeiro,subway_entrance,yes,,,,,,,,,,,,,,,,,,elevator,,,,,,,,,,,,,,,,,,,,,,,,,,,,,,
node,10169309457,38.733457,-9.1344137,,Arroios,subway_entrance,yes,,,,,,,,,,,,,,,,,,elevator,,,,,,,,,,,,,,,,,,,,,,,,,,,,,,
node,10172618715,38.7060611,-9.1456701,0,Cais do Sodré,subway_entrance,no,,,,,,,,,,,,,,,,,,,,,,,,,,,,,,,,,,,,,,,,,,,,,,,,
node,10172639378,38.7060739,-9.1463213,0,Cais do Sodré,subway_entrance,no,,,,,,,,,,,no,door,,,,,,,,,,,,,,,,,,,,,,,,,,,,,,,,,,,,
node,10172639381,38.7059228,-9.1465106,0,Cais do Sodré,subway_entrance,no,,,,,,,,,,,no,door,,,,,,,,,,,,,,,,,,,,,,,,,,,,,,,,,,,,
node,10172639397,38.7057664,-9.1467031,0,Cais do Sodré,subway_entrance,no,,,,,,,,,,,no,door,,,,,,,,,,,,,,,,,,,,,,,,,,,,,,,,,,,,
node,10172651873,38.7059644,-9.145022,0,Cais do Sodré,subway_entrance,yes,,,,,,,,,,,,,,,,,,,,,,,,,,,,,,,,,,,,,,,,,,,,,,,,
node,10172651888,38.706077,-9.1450049,0,Cais do Sodré,subway_entrance,no,,,,,,,,,,,,,,,,,,,,,,,,,,,,,,,,,,,,,,,,,,,,,,,,
node,10172653052,38.7058618,-9.1447236,0,Cais do Sodré,subway_entrance,no,,,,,,,,,,,,,,,,,,,,,,,,,,,,,,,,,,,,,,,,,,,,,,,,
node,10172653053,38.7057544,-9.1460497,0,Cais do Sodré,subway_entrance,no,,,,,,,,,,,,,,,,,,,,,,,,,,,,,,,,,,,,,,,,,,,,,,,,
node,10172659718,38.7059064,-9.1456731,0,Cais do Sodré,subway_entrance,no,,,,,,,,,,,,,,,,,,,,,,,,,,,,,,,,,,,,,,,,,,,,,,,,
node,10185101823,38.7071129,-9.1341926,0,Terreiro do Paço,subway_entrance,yes,,,,,,,,,,,,,,,,,,,,,,,,,,,,elevator,,,,,,,,,,,,,,,,,,,,
node,10185479290,38.7673178,-9.1555259,-2,Quinta das Conchas,stop,,stop_position,yes,Metropolitano de Lisboa,"Metropolitano de Lisboa, E.P.E.",subway,,,,,,,,,,,,,,,,,,,,,,,,,,,,,,,,,,,,,,,,,,,
node,10185479291,38.7673144,-9.1555614,-2,Quinta das Conchas,stop,,stop_position,yes,Metropolitano de Lisboa,"Metropolitano de Lisboa, E.P.E.",,,,,,,,,,,,,,,,,,,,,,,,,,,,,,,,,,,,,,,,,,,,
node,10198537270,38.7606184,-9.20446,0,Alfornelos,subway_entrance,yes,,,,,,,,,,,,,,,,,,,,,,,,,,,,,,,,,,,,,,,,,,,,,,,,
node,10198537284,38.7607553,-9.2044574,0;-1,Praça Teófilo Braga; Rua Damião de Góis,subway_entrance,no,,,,,,,,,,,,,,,,,,,,,,,,,,,,,,,,,,,,,,,,,,,,,,,,
node,10219950972,38.7855143,-9.1715901,0,Senhor Roubado,subway_entrance,yes,,,,,,,,,,,,,,,,,,,,,,,,,,,,,,,,,,,,,,,,,,,,,,,,
node,10219950983,38.7858239,-9.1717226,0,Senhor Roubado,subway_entrance,yes,,,,,,,,,,,,,,,,,,,,,,,,,,,,,,,,,,,,,,,,,,,,,,,,
node,10219950993,38.7857419,-9.17204,0,Senhor Roubado,subway_entrance,yes,,,,,,,,,,,,,,,,,,,,,,,,,,,,,,,,,,,,,,,,,,,,,,,,
node,10219951025,38.7854319,-9.1719091,0,Senhor Roubado,subway_entrance,yes,,,,,,,,,,,,,,,,,,,,,,,,,,,,,,,,,,,,,,,,,,,,,,,,
node,10221517286,38.7603845,-9.2045421,-2,Alfornelos,,,stop_position,yes,Metropolitano de Lisboa,"Metropolitano de Lisboa, E.P.E.",subway,,,,,,,,,,,,,,,,,,,,,,,,,,,,,,,,,,,,,,,,,,,
node,10222096314,38.7622296,-9.1968448,-2,Pontinha,,,stop_position,yes,Metropolitano de Lisboa,"Metropolitano de Lisboa, E.P.E.",subway,,,,,,,,,,,,,,,,,,,,,,,,,,,,,,,,,,,,,,,,,,,
node,10222096315,38.7622743,-9.1968662,-2,Pontinha,,,stop_position,yes,Metropolitano de Lisboa,"Metropolitano de Lisboa, E.P.E.",subway,,,,,,,,,,,,,,,,,,,,,,,,,,,,,,,,,,,,,,,,,,,
node,10264323963,38.7516641,-9.2237831,0;-1,Reboleira,subway_entrance,no,,,,,,,,,,,,,,,,,,,,,,,,,,,,,,,,,,,,,,,,,,,,,,,,
node,10277016956,38.7461919,-9.1482398,,Entrecampos,subway_entrance,yes,,,,,,,,,,,,,,,,,,elevator,,,,,,,,,,,,,,,,,,,,,,,,,,,,,,
node,10277016957,38.751358,-9.1593337,,Cidade Universitária,subway_entrance,yes,,,,,,,,,,,,,,,,,,elevator,,,,,,,,,,,,,,,,,,,,,,,,,,,,,,
node,10717342639,41.1510246,-8.5856702,,,subway_entrance,yes,,,,,,,,,,,,,,,,,,,,,,,,,,,,,,,,,,,,,,,,,,,,,,,,
node,10898510134,38.7424869,-9.1683835,,Jardim Zoológico,subway_entrance,,,,,,,,,,,,,,,,,,,,,,,,,,,,,,,,,,,,,,,,,,,,,,,,,
node,10898510135,38.742297,-9.1683542,,Jardim Zoológico,subway_entrance,,,,,,,,,,,,,,,,,,,,,,,,,,,,,,,,,,,,,,,,,,,,,,,,,
node,10898510188,38.7419496,-9.169168,,Jardim Zoológico,subway_entrance,,,,,,,,,,,,,,,,,,,,,,,,,,,,,,,,,,,,,,,,,,,,,,,,,
node,10922243242,38.7630562,-9.1041562,,"Avenida de Pádua, Avenida Infante Dom Henrique",subway_entrance,yes,,,,,,,,,,,,,,,,,,elevator,,,,,,,,,,,,,,,,,,,,,,,,,,,,,,
node,10922326934,38.7331119,-9.1532011,,El Corte Inglés,subway_entrance,,,,,,,,,,,,,,,,,,,,,,,,,,,,,,,,,,,,,,,,,,,,,,,,,
node,10922326935,38.7342554,-9.1544693,,,subway_entrance,no,,,,,,,,,,,,,,,,,,,,,,,,,,,,,,,,,,,,,,,,,,,,,,,,
node,11108206543,38.7351658,-9.1443379,-3,Saldanha,stop,,stop_position,yes,Metropolitano de Lisboa,"Metropolitano de Lisboa, E.P.E.",,,,,,,,,,,,-3,,,,,,,,,,,,,,,,,,,,,,,,,,,,,,,,
node,11108206544,38.7352017,-9.1443392,-3,Saldanha,stop,,stop_position,yes,Metropolitano de Lisboa,"Metropolitano de Lisboa, E.P.E.",,,,,,,,,,,,-3,,,,,,,,,,,,,,,,,,,,,,,,,,,,,,,,
node,11108206545,38.7346266,-9.153032,-3,São Sebastião,stop,,stop_position,yes,Metropolitano de Lisboa,"Metropolitano de Lisboa, E.P.E.",,,,,,,,,,,,-3,,,,,,,,,,,,,,,,,,,,,,,,,,,,,,,,
node,11108206546,38.7346603,-9.1530481,-3,São Sebastião,stop,,stop_position,yes,Metropolitano de Lisboa,"Metropolitano de Lisboa, E.P.E.",,,,,,,,,,,,-3,,,,,,,,,,,,,,,,,,,,,,,,,,,,,,,,
node,11108375213,38.7339565,-9.1535696,-2,São Sebastião,subway,,stop_position,yes,Metropolitano de Lisboa,"Metropolitano de Lisboa, E.P.E.",subway,,,,,,,,,,,-2,,,,,,,,,,,,,,,,,,,,,,,,,,,,,,,,
node,11108375214,38.7339363,-9.1536077,-2,São Sebastião,subway,,stop_position,yes,Metropolitano de Lisboa,"Metropolitano de Lisboa, E.P.E.",subway,,,,,,,,,,,-2,,,,,,,,,,,,,,,,,,,,,,,,,,,,,,,,
node,11108375229,38.7303413,-9.1469131,-2,Picoas,stop,,stop_position,yes,Metropolitano de Lisboa,"Metropolitano de Lisboa, E.P.E.",subway,,,,,,,,,,,-2,,,,,,,,,,,,,,,,,,,,,,,,,,,,,,,,
node,11108375230,38.7303574,-9.1469543,-2,Picoas,stop,,stop_position,yes,Metropolitano de Lisboa,"Metropolitano de Lisboa, E.P.E.",,,,,,,,,,,,-2,,,,,,,,,,,,,,,,,,,,,,,,,,,,,,,,
node,11108376967,38.7348323,-9.1452852,-2,Saldanha,stop,,stop_position,yes,Metropolitano de Lisboa,"Metropolitano de Lisboa, E.P.E.",,,,,,,,,,,,-2,,,,,,,,,,,,,,,,,,,,,,,,,,,,,,,,
node,11108376968,38.7348389,-9.1452399,-2,Saldanha,stop,,stop_position,yes,Metropolitano de Lisboa,"Metropolitano de Lisboa, E.P.E.",subway,,,,,,,,,,,-2,,,,,,,,,,,,,,,,,,,,,,,,,,,,,,,,
node,11303562160,38.7394852,-9.12395,,Olaias,stop,,stop_position,yes,,,,,,,,,,,,,,,,,,,,,,,,,,,,,,,,,,,,,,,,,,,,,,
node,11303648407,38.7629504,-9.1040558,,Cabo Ruivo,stop,,stop_position,yes,,,,,,,,,,,,,,,,,,,,,,,,,,,,,,,,,,,,,,,,,,,,,,
node,11303648423,38.7548223,-9.1138532,,Chelas,stop,,stop_position,yes,,,,,,,,,,,,,,,,,,,,,,,,,,,,,,,,,,,,,,,,,,,,,,
node,11303648425,38.7475293,-9.1176464,,Bela Vista,stop,,stop_position,yes,,,,,,,,,,,,,,,,,,,,,,,,,,,,,,,,,,,,,,,,,,,,,,
node,11304102292,38.762962,-9.1040553,,Cabo Ruivo,station,limited,station,yes,,Metropolitano de Lisboa,subway,https://www.metrolisboa.pt/viajar/olivais/,Q1475262,pt:Estação Cabo Ruivo,,,,,,,,,,,,,,,,,,,,,,,,,,,,,,,,,,,,,,,,
node,11304102294,38.754825,-9.1138702,,Chelas,station,yes,station,yes,,Metropolitano de Lisboa,subway,https://www.metrolisboa.pt/viajar/,Q1260646,pt:Estação Chelas,,,,,,,,,,,,,,,,,,,,,,,,,,,,,,,,,,,,,,,,
node,11304102295,38.7475354,-9.1176623,,Bela Vista,station,limited,station,yes,,Metropolitano de Lisboa,subway,https://www.metrolisboa.pt/viajar/bela-vista/,Q2894181,pt:Estação Bela Vista,,,,,,,,,,,,,,,,,,,,,,,,,,,,,,,,,,,,,,,,
node,11304102296,38.7394653,-9.1239461,,Olaias,station,limited,station,yes,,Metropolitano de Lisboa,subway,https://www.metrolisboa.pt/viajar/olaias/,Q388345,pt:Estação Olaias,,,,,,,,,,,,,,,,,,,,,,,,,,,,,,,,,,,,,,,,
node,11305016875,38.7932789,-9.1729638,,Odivelas,stop,,stop_position,yes,,,,,,,,,,,,,,,,,,,,,,,,,,,,,,,,,,,,,,,,,,,,,,
node,11305016883,38.773391,-9.1593701,,Lumiar,stop,,stop_position,yes,,,,,,,,,,,,,,,,,,,,,,,,,,,,,,,,,,,,,,,,,,,,,,
node,11305016893,38.7793282,-9.1596665,,Ameixoeira,stop,,stop_position,yes,,,,,,,,,,,,,,,,,,,,,,,,,,,,,,,,,,,,,,,,,,,,,,
node,11305016908,38.7200846,-9.1548306,,Rato,stop,,stop_position,yes,,,,,,,,,,,,,,,,,,,,,,,,,,,,,,,,,,,,,,,,,,,,,,
node,11305016915,38.7411153,-9.1467724,,Campo Pequeno,stop,,stop_position,yes,,,,,,,,,,,,,,,,,,,,,,,,,,,,,,,,,,,,,,,,,,,,,,
node,11305016916,38.7470324,-9.1481645,,Entrecampos,stop,,stop_position,yes,,,,,,,,,,,,,,,,,,,,,,,,,,,,,,,,,,,,,,,,,,,,,,
node,11305016934,38.7515066,-9.1590815,,Cidade Universitária,stop,,stop_position,yes,,,,,,,,,,,,,,,,,,,,,,,,,,,,,,,,,,,,,,,,,,,,,,
node,11305030137,38.713701,-9.1224796,,Santa Apolónia,stop,,stop_position,yes,,,,,,,,,,,,,,-1,,,,,,,,,,,,,,,,,,,,,,,,,,,,,,,,
node,11305030138,38.7279395,-9.150056,,Parque,stop,,stop_position,yes,,,,,,,,,,,,,,,,,,,,,,,,,,,,,,,,,,,,,,,,,,,,,,
node,11306784693,38.7592419,-9.1927437,,Carnide,stop,,stop_position,yes,,,,,,,,,,,,,,,,,,,,,,,,,,,,,,,,,,,,,,,,,,,,,,
node,11306784694,38.759215,-9.192683,,Carnide,stop,,stop_position,yes,,,,,,,,,,,,,,,,,,,,,,,,,,,,,,,,,,,,,,,,,,,,,,
node,11306784695,38.7534028,-9.1892731,,Colégio Militar/Luz,station,no,station,yes,,Metropolitano de Lisboa,subway,https://www.metrolisboa.pt/viajar/colegio-militar-luz/,Q1427832,pt:Estação Colégio Militar/Luz,,,,,,,,,,,,,,,,,,,,,,,,,,,,,,,,,,,,,,,,
node,11306784696,38.7533803,-9.1892931,,Colégio Militar/Luz,stop,,stop_position,yes,,,,,,,,,,,,,,,,,,,,,,,,,,,,,,,,,,,,,,,,,,,,,,
node,11306784698,38.7190194,-9.1448139,,Avenida,station,no,station,yes,,Metropolitano de Lisboa,subway,https://www.metrolisboa.pt/viajar/avenida/,Q430125,pt:Estação Avenida,,,,,,,,,,,,,,,,,,,,,,,,,,,,,,,,,,,,,,,,
node,11306784699,38.7190287,-9.1447968,,Avenida,stop,,stop_position,yes,,,,,,,,,,,,,,,,,,,,,,,,,,,,,,,,,,,,,,,,,,,,,,
node,11307381904,38.7201029,-9.1548389,,Rato,station,yes,station,yes,,Metropolitano de Lisboa,subway,https://www.metrolisboa.pt/viajar/rato/,Q1709447,pt:Estação Rato,,,,,,,,,,,,,,,,,,,,,,,,,,,,,,,,,,,,,,,,
node,11307381905,38.7411145,-9.1467836,,Campo Pequeno,station,no,station,yes,,Metropolitano de Lisboa,subway,https://www.metrolisboa.pt/viajar/campo-pequeno/,Q1787790,pt:Estação Campo Pequeno,,,,,,,,,,,,,,,,,,,,,,,,,,,,,,,,,,,,,,,,
node,11307381906,38.7515195,-9.1590395,,Cidade Universitária,station,yes,station,yes,Metropolitano de Lisboa,"Metropolitano de Lisboa, E.P.E.",subway,https://www.metrolisboa.pt/viajar/cidade-universitaria/,Q1989758,pt:Estação Cidade Universitária (Metropolitano de Lisboa),,,,,,,,,,,,,,,,,,,,,,,,,,,,,,,,,,,,,,,,
node,11307381907,38.7729284,-9.1592549,,Lumiar,station,limited,station,yes,,Metropolitano de Lisboa,subway,https://www.metrolisboa.pt/viajar/lumiar/,Q374170,pt:Estação Lumiar,,,,,,,,,,,,,,,,,,,,,,,,,,,,,,,,,,,,,,,,
node,11307381908,38.779605,-9.1594573,,Ameixoeira,station,yes,station,yes,,Metropolitano de Lisboa,subway,https://www.metrolisboa.pt/viajar/ameixoeira/,Q2298625,pt:Estação Ameixoeira,,,,,,,,,,,,,,,,,,,,,,,,,,,,,,,,,,,,,,,,
node,11307381909,38.7932694,-9.172982,,Odivelas,station,yes,station,yes,,Metropolitano de Lisboa,subway,https://www.metrolisboa.pt/viajar/odivelas/,Q1668384,pt:Estação Odivelas,,,,,,,,,,,,,,,,,,,,,,,,,,,,,,,,,,,,,,,,
node,11307500428,38.7470462,-9.1482017,,Entrecampos,station,yes,station,yes,,Metropolitano de Lisboa,subway,https://www.metrolisboa.pt/viajar/entre-campos/,Q2301274,pt:Estação Campo Grande (Metropolitano de Lisboa),,,,,,,,,,,,,,,,,,,,,,,,,,,,,,,,,,,,,,,,
node,11307500429,38.7136899,-9.1224537,,Santa Apolónia,station,yes,station,yes,Metro de Lisboa,Metropolitano de Lisboa,subway,https://www.metrolisboa.pt/viajar/santa-apolonia/,Q2080870,pt:Estação Santa Apolónia,,,,,,,,-1,,,,,,,,,,,,,,,,,,,,,,,,,,,,,,,,
node,11515047634,38.7678131,-9.0998663,,Oriente,stop,,stop_position,yes,,,,,,,,,,,,,,,,,,,,,,,,,,,,,,,,,,,,,,,,,,,,,,
node,11515047638,38.768445,-9.128283,,Aeroporto,stop,yes,stop_position,yes,Metropolitano de Lisboa,Metropolitano de Lisboa E.P.E.,subway,,Q744682,pt:Estação Aeroporto (Metropolitano de Lisboa),,,,,,,,,,,,,,,,,,,,,,,,,,,,,,,,,,,,,,,,
node,11515047671,38.7750965,-9.1155308,,Encarnação,stop,,stop_position,yes,,,,,,,,,,,,,,,,,,,,,,,,,,,,,,,,,,,,,,,,,,,,,,
node,11515047705,38.7749209,-9.103003,,Moscavide,stop,,stop_position,yes,,,,,,,,,,,,,,,,,,,,,,,,,,,,,,,,,,,,,,,,,,,,,,
node,11515047731,38.7678111,-9.0998318,,Oriente,stop,,stop_position,yes,,,,,,,,,,,,,,,,,,,,,,,,,,,,,,,,,,,,,,,,,,,,,,
node,11515047732,38.7684185,-9.1282772,,Aeroporto,stop,yes,stop_position,yes,Metropolitano de Lisboa,Metropolitano de Lisboa E.P.E.,subway,,Q744682,pt:Estação Aeroporto (Metropolitano de Lisboa),,,,,,,,,,,,,,,,,,,,,,,,,,,,,,,,,,,,,,,,
node,11515047765,38.7750749,-9.1155101,,Encarnação,stop,,stop_position,yes,,,,,,,,,,,,,,,,,,,,,,,,,,,,,,,,,,,,,,,,,,,,,,
node,11515047799,38.774894,-9.1030009,,Moscavide,stop,,stop_position,yes,,,,,,,,,,,,,,,,,,,,,,,,,,,,,,,,,,,,,,,,,,,,,,
node,11517753590,38.760476,-9.1121684,0,Olivais,subway_entrance,yes,,,,,,,,,,,,,,,,,,elevator,,,,,,,,,,,,,,,,,,,,,,,,,,,,,,
node,11517815938,38.7605941,-9.111983,,Olivais,stop,,stop_position,yes,,,,,,,,,,,,,,,,,,,,,,,,,,,,,,,,,,,,,,,,,,,,,,
node,11517815939,38.7606063,-9.1120139,,Olivais,stop,,stop_position,yes,,,,,,,,,,,,,,,,,,,,,,,,,,,,,,,,,,,,,,,,,,,,,,
node,11844516847,38.730953,-9.1461309,0;-1,Picoas,subway_entrance,no,,,,,,,,,,,,,,,,,,,,,,,,,,,,,,,,,,,,,,,,,,,,,,,,
node,11886423966,38.7929579,-9.1724781,,,subway_entrance,,,,,,,,,,,,,,,,,,,,,,,,,,,,,,,,,,,,,,,,,,,,,,,,,
node,11963220651,41.1106373,-8.6000347,,Manuel Leão,station,yes,station,,Metro do Porto,Metro do Porto,light_rail,,,,,,,,,,,,,,,,,,,yes,Q29757,VNG1,,,,,,,,,,,,,,,,,,,,,,
node,11963220652,41.1058226,-8.5911477,,Hospital Santos Silva,station,yes,station,,Metro do Porto,Metro do Porto,light_rail,,,,,,,,,,,,,,,,,,,yes,Q29757,VNG1,,,,,,,,,,,,,,,,,,,,,,
node,11963220653,41.0985989,-8.5885066,,Vila D'Este,station,yes,station,,Metro do Porto,Metro do Porto,light_rail,,,,,,,,,,,,,,,,,,,yes,Q29757,VNG1,,,,,,,,,,,,,,,,,,,,,,
node,12140946767,41.1521872,-8.6090878,1,Rua de Camões,subway_entrance,,,,,,,,,,,,,,,,,,,,,,,,,,,,,,,,,,,,,,,,,,,,,,,,,
node,12180527208,41.1111938,-8.5992047,,,subway_entrance,no,,,,,,,,,,,,,,,,,,,,,,,,,,,,,,,,,,,,,,,,,,,,,,,,
node,12180527209,41.111312,-8.6000722,,,subway_entrance,no,,,,,,,,,,,,,,,,,,,,,,,,,,,,,,,,,,,,,,,,,,,,,,,,
node,12248791454,38.7601097,-9.1585053,,Campo Grande,subway_entrance,,,,,,,,,,,,,,,,,,,,,,,,,,,,,,,,,,,,,,,,,,,,,,,,,
node,12248791455,38.7598497,-9.1583587,,Avenida Padre Cruz,subway_entrance,,,,,,,,,,,,,,,,,,,,,,,,,,,,,,,,,,,,,,,,,,,,,,,,,
node,12249202730,38.7583183,-9.2182097,,Amadora Este,subway_entrance,yes,,,,,,,,,,,,,,,,,,elevator,,,,,,,,,,,,,,,,,,,,,,,,,,,,,,
node,12249202770,38.7796557,-9.1597307,,Ameixoeira,subway_entrance,yes,,,,,,,,,,,,,,,,,,elevator,,,,,,,,,,,,,,,,,,,,,,,,,,,,,,
node,12700847438,38.7395493,-9.123584,,Olaias,subway_entrance,yes,,,,,,,,,,,,,,,,,,elevator,,,,,,,,,,,,,,,,,,,,,,,,,,,,,,
